K,silhouette,max_niche_cell_fraction,tiny_niche_fraction,mean_assignment_confidence,mean_H_program_separation,spatial_neighbor_agreement,cell_level_niche_usage,cell_niche_counts,ari_previous_K,nmi_previous_K,ari_next_K,nmi_next_K,adjacent_K_stability,selection_score,eligible,selected
4,0.20581571757793427,0.4982163035859879,0.0,0.51255924,0.73376304,0.8883,"[0.1999068772763317, 0.338115785717734, 0.21111115061135766, 0.2508563384942105]","[88700, 348308, 122516, 139586]",,,0.3643503875790957,0.5372480068863906,0.4507991972327432,0.24119279750707517,True,False
5,0.260341614484787,0.3498834232095092,0.0,0.47563437,0.7936428,0.8994,"[0.11611594018309887, 0.22882754641839267, 0.2482504387833281, 0.21603428292981433, 0.19074808199219365]","[52325, 152435, 244607, 143902, 105841]",0.3643503875790957,0.5372480068863906,0.7225538961331208,0.8051801150325396,0.6073331014077867,0.5639293719402332,True,False
6,0.29691776633262634,0.21067070990259043,0.0,0.46852186,0.75161827,0.8584,"[0.1658100043325174, 0.1867041590435071, 0.1676116483703387, 0.18895829454704016, 0.10015091872389538, 0.19079280473007645]","[100679, 147282, 122687, 140830, 51294, 136338]",0.7225538961331208,0.8051801150325396,0.887788647821695,0.9081250787902645,0.830911934444405,0.7320792661947652,True,False
7,0.3042842447757721,0.2103631760381056,0.0,0.43737394,0.7176313,0.8412,"[0.14668740448235076, 0.16607858730653974, 0.13874256197164966, 0.14031979331310523, 0.09113879045489533, 0.1704117347077892, 0.1466511858604154]","[98769, 147067, 113517, 67756, 51061, 134335, 86605]",0.887788647821695,0.9081250787902645,0.8350921186661033,0.8608126842027797,0.8729546323702106,0.7145374979929991,True,False
8,0.3150349259376526,0.2102973780950065,0.0,0.4237671,0.7673321,0.8353,"[0.126655579420844, 0.15071349993764394, 0.1306694970044503, 0.07973183790149262, 0.13111656095003826, 0.11389034054235027, 0.1279984083837397, 0.1392191814916912]","[90105, 147021, 112598, 48602, 79639, 56325, 74532, 90288]",0.8350921186661033,0.8608126842027797,0.7987909019299549,0.8124536028154904,0.8267873269035821,0.7310378214962097,True,False
9,0.32444533705711365,0.21025446639298537,0.0,0.46007553,0.801955,0.8289,"[0.08435480516913915, 0.15183195322110432, 0.0727482052934937, 0.12074393511817703, 0.09607318290453666, 0.07841089223038936, 0.12495344667014133, 0.1315333338715921, 0.13937381867101564]","[43865, 146991, 47074, 70890, 55225, 37456, 81257, 113501, 102851]",0.7987909019299549,0.8124536028154904,0.8198150973009568,0.8098289137375674,0.8102221289459924,0.7492349283686731,True,False
10,0.3300882577896118,0.2102930869248044,0.0,0.42393556,0.8228724,0.8252,"[0.09069956676502089, 0.13808865929203737, 0.12386160681359604, 0.06538603860231669, 0.11730389938859764, 0.08638587420523952, 0.11500970178825579, 0.1090579922458331, 0.07974953513719676, 0.07445223393962502]","[54982, 147018, 112488, 45496, 79264, 44019, 74008, 72625, 40844, 28366]",0.8198150973009568,0.8098289137375674,0.8806105979981654,0.8374019377154095,0.8369141366880248,0.77778146041248,True,True
11,0.3418465852737427,0.21034172018709502,0.0,0.43747324,0.8495166,0.8246,"[0.11556492850619896, 0.13657062500670494, 0.12389645301537401, 0.06243554671436049, 0.07979717767277324, 0.05509780822894466, 0.05907567656053321, 0.11160168675116845, 0.07334155700529066, 0.09086573506739819, 0.0917566721690122]","[77369, 147052, 112551, 44709, 51143, 26780, 24925, 76787, 31190, 59353, 47251]",0.8806105979981654,0.8374019377154095,0.8229320380164116,0.7955903712098236,0.8341337362349526,0.8112044493396802,True,False
12,0.34672075510025024,0.21020583313069474,0.0,0.438117,0.85403293,0.8208,"[0.09487888193057513, 0.10809795466233407, 0.08926146809649053, 0.13227571399931698, 0.07909678836362036, 0.10111426897345374, 0.0544937556559076, 0.045989427384963116, 0.06095965829964839, 0.09459473927397423, 0.05466381300588874, 0.08453699342121143]","[34426, 100991, 69125, 146957, 37676, 69555, 30849, 23397, 44454, 66323, 30292, 45065]",0.8229320380164116,0.7955903712098236,0.774059645094619,0.7647948862364163,0.7893442351393176,0.7945021695375264,True,False
13,0.32425570487976074,0.21027020068372645,0.0,0.4325445,0.8521442,0.8106,"[0.04849731359754501, 0.13205504979098426, 0.09446501204433136, 0.09050150698019178, 0.057986879076611694, 0.06117281557924987, 0.07109970693207257, 0.06513111173268513, 0.048332042955731215, 0.10015829941092515, 0.0820215732156331, 0.09334494747674722, 0.055248814082313136]","[25870, 147002, 67920, 76037, 43144, 29798, 46580, 26104, 27450, 79431, 41853, 53915, 34006]",0.774059645094619,0.7647948862364163,0.7759222090536316,0.7646991727815127,0.7698689782915449,0.7297532148354418,True,False
14,0.3570854663848877,0.21021441547109898,0.0,0.48386362,0.8664012,0.8104,"[0.07607250305019507, 0.13648403996185776, 0.10256586101156738, 0.04709673106420574, 0.04253973390330652, 0.05682719539312706, 0.08467531591226256, 0.0890707889986912, 0.05900136577107858, 0.09074049282301784, 0.057572467905064116, 0.03866389802609523, 0.06956539811834421, 0.049124797538343395]","[19928, 146963, 94716, 27998, 23557, 36196, 58983, 66845, 43157, 66168, 27922, 22161, 34752, 29764]",0.7759222090536316,0.7646991727815127,0.7793119208819395,0.7691425719414885,0.772268968664643,0.7935989378715248,True,False
15,0.3438604176044464,0.21025589678305273,0.0,0.4705534,0.88056743,0.8134,"[0.08221283410782995, 0.13396551836609671, 0.04704240836954753, 0.06062442407243674, 0.07684686825034687, 0.06595359719634607, 0.03757716545830368, 0.08438036047058939, 0.08945480053992755, 0.057316027531879817, 0.03402979477366759, 0.06727412241099398, 0.051437396219892524, 0.06705385107102692, 0.04482613105859593]","[72843, 146992, 28977, 38793, 39395, 30898, 21757, 53582, 74578, 42704, 16364, 49451, 22092, 35487, 25197]",0.7793119208819395,0.7691425719414885,,,0.7742272464117139,0.786391681274209,True,False
