program_id,final_niche_id,global_mean_usage,niche_specific_usage
1,5,0.01949798,0.08582760393619537
2,5,0.013569979,0.05031327158212662
3,9,0.049128346,0.5013806819915771
4,8,0.030470734,0.12172389775514603
5,8,0.019425096,0.052282366901636124
6,1,0.025223663,0.09634828567504883
7,6,0.035563596,0.3262988328933716
8,3,0.04191888,0.16003772616386414
9,5,0.017906608,0.03835107386112213
10,8,0.032641444,0.12224219739437103
11,7,0.016461652,0.0613529272377491
12,5,0.013214072,0.03603170067071915
13,7,0.018626794,0.06234306842088699
14,8,0.046085685,0.22493110597133636
15,1,0.044760775,0.3045235276222229
16,7,0.0126836905,0.033912088721990585
17,7,0.015706735,0.044202305376529694
18,6,0.020676287,0.1330733448266983
19,3,0.021848809,0.03843151405453682
20,8,0.02451355,0.0866081565618515
21,4,0.08504744,0.8228104114532471
22,3,0.047375776,0.17994877696037292
23,1,0.046739604,0.3111020028591156
24,5,0.02690968,0.05258019268512726
25,7,0.023296773,0.11179424077272415
26,5,0.01799558,0.07641918212175369
27,10,0.03215349,0.40093323588371277
28,3,0.06809825,0.2764741778373718
29,3,0.054745264,0.21934792399406433
30,7,0.027283195,0.14903144538402557
31,8,0.02645594,0.10203222185373306
32,8,0.023971725,0.07970087975263596
