niche,cell_type,n_cells,mean_local_fraction,global_mean_local_fraction,log2_relative_enrichment,local_celltype_entropy,mannwhitney_u,p_greater_raw,relative_enrichment_0to1,across_niche_entropy
I0,B_Cells,16248,0.07047430108391653,0.030409533383313363,1.2125735859553057,0.5432724666861282,1804427251.5,0.0,0.04132133006670968,0.8627448920494277
I1,B_Cells,23403,0.01083778002427784,0.030409533383313363,-1.4884544091532845,0.5931069715875379,1450088342.0,1.0,0.0,0.8627448920494277
I2,B_Cells,15207,0.015339285634807697,0.030409533383313363,-0.9872923824532625,0.46288821199422714,913575323.0,1.0,0.0,0.8627448920494277
I3,B_Cells,26378,0.0061626054641676685,0.030409533383313363,-2.3029113425574783,0.5485924602567419,1204555151.0,1.0,0.0,0.8627448920494277
I4,B_Cells,14194,0.10243127855510173,0.030409533383313363,1.7520607415776484,0.5776152214331445,1854699850.5,0.0,0.07428058304152148,0.8627448920494277
I5,B_Cells,43601,0.007312109046884216,0.030409533383313363,-2.0561641882116053,0.5758285653551443,1698424669.5,1.0,0.0,0.8627448920494277
I6,B_Cells,16766,0.06756827036165161,0.030409533383313363,1.1518222456903155,0.5453947292702451,1971630428.0,0.0,0.03832415670092228,0.8627448920494277
I7,B_Cells,10566,0.033969526168706826,0.030409533383313363,0.1597174153899619,0.33620822354817054,823920071.5,0.42982402266728326,0.0036716458215763936,0.8627448920494277
I0,CD4+_T_Cells,16248,0.10642166100721537,0.052724174486398795,1.0132553193547562,0.5781748513412043,1673594429.0,0.0,0.05668622071264456,0.7887118571739622
I1,CD4+_T_Cells,23403,0.02646504014270862,0.052724174486398795,-0.9943767593024052,0.6117687465497665,1569031985.5,1.0,0.0,0.7887118571739622
I2,CD4+_T_Cells,15207,0.015548844986197921,0.052724174486398795,-1.7616571848298763,0.5224385055860039,797145965.0,1.0,0.0,0.7887118571739622
I3,CD4+_T_Cells,26378,0.005571731606443154,0.052724174486398795,-3.2422669321163546,0.5859882712033881,1128146962.0,1.0,0.0,0.7887118571739622
I4,CD4+_T_Cells,14194,0.20398018381178662,0.052724174486398795,1.9518924978768628,0.5656852951486798,1869878105.0,0.0,0.15967472752023276,0.7887118571739622
I5,CD4+_T_Cells,43601,0.018678631184393953,0.052724174486398795,-1.4970758668498276,0.5894351930918883,2167295761.5,1.0,0.0,0.7887118571739622
I6,CD4+_T_Cells,16766,0.13588201709001882,0.052724174486398795,1.3658180327204406,0.5459571704029613,2067377072.5,0.0,0.08778630295830982,0.7887118571739622
I7,CD4+_T_Cells,10566,0.004876898516906132,0.052724174486398795,-3.4344287445019157,0.4027765488949522,448850806.5,1.0,0.0,0.7887118571739622
I0,CD8+_T_Cells,16248,0.07191769964318001,0.04260592590319246,0.7552927719773486,0.5706596451503745,1567494628.0,0.0,0.030616205523979114,0.8980627705753343
I1,CD8+_T_Cells,23403,0.037601684138954004,0.04260592590319246,-0.1802568234978833,0.5834859176460457,1615853154.0,1.0,0.0,0.8980627705753343
I2,CD8+_T_Cells,15207,0.0163738877343324,0.04260592590319246,-1.3796571947479028,0.48251729342758154,735404253.0,1.0,0.0,0.8980627705753343
I3,CD8+_T_Cells,26378,0.017934882241546535,0.04260592590319246,-1.2482858308131923,0.5430623554307012,1412483188.0,1.0,0.0,0.8980627705753343
I4,CD8+_T_Cells,14194,0.10377020140388524,0.04260592590319246,1.2842662108799296,0.5757335720575713,1731748779.5,0.0,0.0638862064802253,0.8980627705753343
I5,CD8+_T_Cells,43601,0.023483873644339615,0.04260592590319246,-0.859383704225578,0.5433955032971,2272095365.5,1.0,0.0,0.8980627705753343
I6,CD8+_T_Cells,16766,0.1021429858469227,0.04260592590319246,1.2614641289428685,0.5495723266537595,1992161184.0,0.0,0.06218657661934736,0.8980627705753343
I7,CD8+_T_Cells,10566,0.010230049647930103,0.04260592590319246,-2.0582409567923605,0.36713294652187384,394080535.0,1.0,0.0,0.8980627705753343
I0,DCIS_1,16248,0.0017855538035875175,0.0786026815868653,-5.460135019096989,0.5533997852695567,1052829395.0,1.0,0.0,0.0760493256774293
I1,DCIS_1,23403,0.00395799137659158,0.0786026815868653,-4.31173815730004,0.4247707372765758,1965003476.5,0.0,0.0,0.0760493256774293
I2,DCIS_1,15207,0.002050071028429209,0.0786026815868653,-5.2608327307185325,0.43163300698959556,849353837.5,1.0,0.0,0.0760493256774293
I3,DCIS_1,26378,0.4834990127087443,0.0786026815868653,2.620862506735153,0.3094216888858977,3675051485.5,0.0,0.4394372796951556,0.0760493256774293
I4,DCIS_1,14194,0.001566632370466058,0.0786026815868653,-5.648839952475014,0.5974332835230407,879742609.0,1.0,0.0,0.0760493256774293
I5,DCIS_1,43601,0.000268000372140813,0.0786026815868653,-8.19619971232302,0.42774354427847505,1510995989.0,1.0,0.0,0.0760493256774293
I6,DCIS_1,16766,0.002221809638551006,0.0786026815868653,-5.144771412166747,0.5774983219137076,1049653177.5,1.0,0.0,0.0760493256774293
I7,DCIS_1,10566,0.009355693223175933,0.0786026815868653,-3.0706620707174435,0.4419585536915595,738691117.0,1.0,0.0,0.0760493256774293
I0,DCIS_2,16248,0.006481366262013788,0.0704315677303536,-3.44185232753953,0.5623510234767405,902515316.5,1.0,0.0,0.43126710705746923
I1,DCIS_2,23403,0.3628965899357201,0.0704315677303536,2.3652643991321023,0.3243156037571263,3168302305.0,0.0,0.3146245204253334,0.43126710705746923
I2,DCIS_2,15207,0.006852519658643329,0.0704315677303536,-3.361515728720843,0.41586516749947855,675246921.5,1.0,0.0,0.43126710705746923
I3,DCIS_2,26378,0.0723296523192514,0.0704315677303536,0.03836502088758023,0.3514507344396919,2967771380.5,0.0,0.0020418987166586668,0.43126710705746923
I4,DCIS_2,14194,0.0024747485573147665,0.0704315677303536,-4.830868340213979,0.6287198918260355,777824247.5,1.0,0.0,0.43126710705746923
I5,DCIS_2,43601,0.020331608101115485,0.0704315677303536,-1.7924978681484243,0.38930865574274665,1703242499.5,1.0,0.0,0.43126710705746923
I6,DCIS_2,16766,0.009888236945787157,0.0704315677303536,-2.8324369765971267,0.5541495232377776,1083830829.5,1.0,0.0,0.43126710705746923
I7,DCIS_2,10566,0.0018474093541370961,0.0704315677303536,-5.252646711889956,0.4458053088022237,442587587.0,1.0,0.0,0.43126710705746923
I0,Endothelial,16248,0.07772214939767663,0.05439349926274074,0.5148915582625959,0.525033849077748,1348569620.0,2.143279292661278e-109,0.024670568695062154,0.9455749964810608
I1,Endothelial,23403,0.032242557803311284,0.05439349926274074,-0.7544680433051889,0.5438434184021695,1416982964.0,1.0,0.0,0.9455749964810608
I2,Endothelial,15207,0.13411720535401161,0.05439349926274074,1.30198818071963,0.37165370759541516,1724219271.0,0.0,0.08430960027147957,0.9455749964810608
I3,Endothelial,26378,0.027541246323266277,0.05439349926274074,-0.9818403935652867,0.519399250921538,1255633340.5,1.0,0.0,0.9455749964810608
I4,Endothelial,14194,0.05723504096866178,0.05439349926274074,0.07346443687591622,0.5742006189800655,1229013205.0,1.0398440855322093e-163,0.0030049938359196773,0.9455749964810608
I5,Endothelial,43601,0.044481717988320534,0.05439349926274074,-0.2902217313694779,0.4829163290667418,2767523144.5,1.6074460234830073e-26,0.0,0.9455749964810608
I6,Endothelial,16766,0.06433480512248725,0.05439349926274074,0.24216520582771559,0.5523427492166865,1445999095.5,1.1232447354708009e-232,0.010513153041984795,0.9455749964810608
I7,Endothelial,10566,0.04118695974143359,0.05439349926274074,-0.40124660468081785,0.3772497379264482,533380446.5,1.0,0.0,0.9455749964810608
I0,IRF7+_DCs,16248,0.004252826723528675,0.0030303474938764754,0.48893883619987794,0.5785379324389471,1616751501.0,0.0,0.0012261950266782978,0.5889193150002651
I1,IRF7+_DCs,23403,0.0008395321786340141,0.0030303474938764754,-1.8518257089075125,0.594483012146313,1630228131.0,0.999999999985247,0.0,0.5889193150002651
I2,IRF7+_DCs,15207,0.0010588156076986924,0.0030303474938764754,-1.517031871550325,0.45066996168747553,926564236.0,1.0,0.0,0.5889193150002651
I3,IRF7+_DCs,26378,0.00027176841437240084,0.0030303474938764754,-3.479033536848765,0.5332288539490496,1240322828.5,1.0,0.0,0.5889193150002651
I4,IRF7+_DCs,14194,0.023328714145120187,0.0030303474938764754,2.9445516452152307,0.5594671463757764,2092926221.5,0.0,0.020360064722350246,0.5889193150002651
I5,IRF7+_DCs,43601,0.0006212209516856128,0.0030303474938764754,-2.286304844157136,0.5754248085692336,1927374480.0,1.0,0.0,0.5889193150002651
I6,IRF7+_DCs,16766,0.001433217538468317,0.0030303474938764754,-1.080225635149772,0.5857275069047967,1583983635.0,0.0,0.0,0.5889193150002651
I7,IRF7+_DCs,10566,0.0009348036364273331,0.0030303474938764754,-1.6967479864365524,0.4217516548944351,703170054.0,1.0,0.0,0.5889193150002651
I0,Invasive_Tumor,16248,0.0225528285149973,0.20901900320246636,-3.2122538236204226,0.4694914436387764,629600051.5,1.0,0.0,0.4157134472831376
I1,Invasive_Tumor,23403,0.05483161268597337,0.20901900320246636,-1.9305543011699735,0.3531147191434495,1465928731.0,1.0,0.0,0.4157134472831376
I2,Invasive_Tumor,15207,0.3019774589720155,0.20901900320246636,0.5308067514317372,0.311968196982333,1233001397.0,1.5628421666552973e-50,0.11752299504781098,0.4157134472831376
I3,Invasive_Tumor,26378,0.029530971699125847,0.20901900320246636,-2.8233333791107613,0.38682290993977797,1666710454.5,1.0,0.0,0.4157134472831376
I4,Invasive_Tumor,14194,0.011472224232957845,0.20901900320246636,-4.187417079361419,0.5310345229294785,529764851.0,1.0,0.0,0.4157134472831376
I5,Invasive_Tumor,43601,0.6109995444017634,0.20901900320246636,1.547537191735412,0.2905714229765407,5101132385.5,0.0,0.5082050552754196,0.4157134472831376
I6,Invasive_Tumor,16766,0.0435600341029886,0.20901900320246636,-2.262557123869026,0.455994784892558,757150903.0,1.0,0.0,0.4157134472831376
I7,Invasive_Tumor,10566,0.020714672753226276,0.20901900320246636,-3.334909178314884,0.31304645652952945,338032313.5,1.0,0.0,0.4157134472831376
I0,LAMP3+_DCs,16248,0.003580224927719935,0.001852862566309074,0.9502943520230147,0.591494611030156,1429802353.5,0.0,0.0017305688676842131,0.7816095066890738
I1,LAMP3+_DCs,23403,0.0006097785802098385,0.001852862566309074,-1.6033984951327014,0.5984146169344969,1646865560.5,0.9999970387818704,0.0,0.7816095066890738
I2,LAMP3+_DCs,15207,0.0004979398327579166,0.001852862566309074,-1.8957125394717385,0.4031436273505279,928115543.0,1.0,0.0,0.7816095066890738
I3,LAMP3+_DCs,26378,0.00043639674926870245,0.001852862566309074,-2.0860436126231243,0.6143449587688921,1519431747.0,1.0,0.0,0.7816095066890738
I4,LAMP3+_DCs,14194,0.00716323359461186,0.001852862566309074,1.9508551135505352,0.5619493348707514,1653222941.5,0.0,0.005320228680869774,0.7816095066890738
I5,LAMP3+_DCs,43601,0.0004972622220548057,0.001852862566309074,-1.897677137003279,0.6166205399102096,2186911903.0,1.0,0.0,0.7816095066890738
I6,LAMP3+_DCs,16766,0.0054047676728668816,0.001852862566309074,1.5444767283921084,0.5603485722359298,1696012570.5,0.0,0.003558498515248979,0.7816095066890738
I7,LAMP3+_DCs,10566,0.00026024846703205044,0.001852862566309074,-2.8317942999155767,0.4093730375977135,660958468.0,1.0,0.0,0.7816095066890738
I0,Macrophages_1,16248,0.08939292447928257,0.06676640268729206,0.4210383342321576,0.5545823894339774,1422487281.5,3.5226757545253297e-267,0.024245292772511293,0.9561192419267412
I1,Macrophages_1,23403,0.060625517312009,0.06676640268729206,-0.1391971586086154,0.5178274434926928,1550621476.0,1.0,0.0,0.9561192419267412
I2,Macrophages_1,15207,0.05472656916332503,0.06676640268729206,-0.2868808951423038,0.4311223750569112,1004088417.5,1.0,0.0,0.9561192419267412
I3,Macrophages_1,26378,0.0467751601614783,0.06676640268729206,-0.5133797178613593,0.4567552316113963,1505618117.0,1.0,0.0,0.9561192419267412
I4,Macrophages_1,14194,0.10673260676911857,0.06676640268729206,0.6768067699069682,0.5819778518213351,1526619856.5,0.0,0.04282550927968213,0.9561192419267412
I5,Macrophages_1,43601,0.055682928407340536,0.06676640268729206,-0.26188722562563366,0.4714022595752032,2514869889.5,1.0,0.0,0.9561192419267412
I6,Macrophages_1,16766,0.10883027590104301,0.06676640268729206,0.7048857447916694,0.5358926250756387,1753292814.0,0.0,0.04507325211487878,0.9561192419267412
I7,Macrophages_1,10566,0.03811085859751384,0.06676640268729206,-0.8089202003030523,0.3440117518248636,443723235.0,1.0,0.0,0.9561192419267412
I0,Macrophages_2,16248,0.04618010011445982,0.00992693529696311,2.2178510065049757,0.42205803791481306,2171381725.0,0.0,0.03661665599232366,0.799280452638678
I1,Macrophages_2,23403,0.001638088509256834,0.00992693529696311,-2.5993350774513835,0.5922395556849516,1319017696.5,1.0,0.0,0.799280452638678
I2,Macrophages_2,15207,0.00976849284340876,0.00992693529696311,-0.02321239950430562,0.38313406820612605,1091466656.0,1.0,0.0,0.799280452638678
I3,Macrophages_2,26378,0.0023763155578477376,0.00992693529696311,-2.0626219600334,0.5238053662016686,1346247087.0,1.0,0.0,0.799280452638678
I4,Macrophages_2,14194,0.018638750962771067,0.00992693529696311,0.9088848898139374,0.574393522171631,1666720492.0,0.0,0.008799164401488879,0.799280452638678
I5,Macrophages_2,43601,0.0015317850387733401,0.00992693529696311,-2.6961345356457778,0.5607463634892607,1575958967.5,1.0,0.0,0.799280452638678
I6,Macrophages_2,16766,0.009894066676998896,0.00992693529696311,-0.004784767041191585,0.5725683175762089,1561632684.0,0.0,0.0,0.799280452638678
I7,Macrophages_2,10566,0.014607481522291634,0.00992693529696311,0.557287170168629,0.31438530194251324,988895779.0,1.8576709893595524e-266,0.004727475569424171,0.799280452638678
I0,Mast_Cells,16248,0.002454342738081616,0.0010145786914361784,1.2744559623256828,0.4960582950002998,1410061704.0,1.6936942235319445e-307,0.0014412262841228467,0.9536891079147003
I1,Mast_Cells,23403,0.0008346708754364861,0.0010145786914361784,-0.2816014293116443,0.5935828658361194,1976843776.0,0.0,0.0,0.9536891079147003
I2,Mast_Cells,15207,0.0011328332189387573,0.0010145786914361784,0.1590547103851786,0.40851797866977024,1008075616.5,1.0,0.00011837462787763021,0.9536891079147003
I3,Mast_Cells,26378,0.00032203311606665195,0.0010145786914361784,-1.6555998031270596,0.5555289868699369,1535040181.5,1.0,0.0,0.9536891079147003
I4,Mast_Cells,14194,0.0012887858970733522,0.0010145786914361784,0.34513184594205937,0.5999964287771956,1329149117.0,0.0,0.0002744856929723676,0.9536891079147003
I5,Mast_Cells,43601,0.000359084308528476,0.0010145786914361784,-1.4984862475000316,0.5456645905975457,2197767978.0,1.0,0.0,0.9536891079147003
I6,Mast_Cells,16766,0.0019693924951244028,0.0010145786914361784,0.9568698989356762,0.5692222603657848,1504281439.5,0.0,0.0009557835212825435,0.9536891079147003
I7,Mast_Cells,10566,0.001579264689450886,0.0010145786914361784,0.6383722250522452,0.3071439608687151,760101274.5,1.0,0.0005652594982567708,0.9536891079147003
I0,Myoepi_ACTA2+,16248,0.011364074398295641,0.043468051895408207,-1.935475258106447,0.5661152581255517,1108362055.5,1.0,0.0,0.6139829581114337
I1,Myoepi_ACTA2+,23403,0.16606639303540252,0.043468051895408207,1.9337327986581925,0.4467149903544271,2982517190.0,0.0,0.12816962505322282,0.6139829581114337
I2,Myoepi_ACTA2+,15207,0.011140823083679084,0.043468051895408207,-1.9640996169251481,0.4623983069973387,694562263.0,1.0,0.0,0.6139829581114337
I3,Myoepi_ACTA2+,26378,0.08053872973685788,0.043468051895408207,0.8897272782451198,0.4886107604645096,2996349924.0,0.0,0.03875529501644643,0.6139829581114337
I4,Myoepi_ACTA2+,14194,0.006114166852676333,0.043468051895408207,-2.8297276113715966,0.5806666669476215,1027882182.5,1.0,0.0,0.6139829581114337
I5,Myoepi_ACTA2+,43601,0.00585011494346273,0.043468051895408207,-2.8934185634312817,0.5571912306342269,972331364.0,1.0,0.0,0.6139829581114337
I6,Myoepi_ACTA2+,16766,0.02370679741055109,0.043468051895408207,-0.8746546598898788,0.5359106532907392,1326016433.5,2.449434330052131e-36,0.0,0.6139829581114337
I7,Myoepi_ACTA2+,10566,0.012037442690748922,0.043468051895408207,-1.8524265102815982,0.4245538642524408,613299674.5,1.0,0.0,0.6139829581114337
I0,Myoepi_KRT15+,16248,0.0022181891989396687,0.017390292809296663,-2.970827894126223,0.4965871288179341,1081920252.0,1.0,0.0,0.5094811431760989
I1,Myoepi_KRT15+,23403,0.03258160592322715,0.017390292809296663,0.9057754907006372,0.42104479237994563,2380196536.0,0.0,0.015460169997060878,0.5094811431760989
I2,Myoepi_KRT15+,15207,0.0038638692700675263,0.017390292809296663,-2.170164035906028,0.47123492163134917,783578423.5,1.0,0.0,0.5094811431760989
I3,Myoepi_KRT15+,26378,0.06786737967770326,0.017390292809296663,1.9644360882273593,0.4054154894089547,3315686608.0,0.0,0.05137043375311383,0.5094811431760989
I4,Myoepi_KRT15+,14194,0.0022461955832533582,0.017390292809296663,-2.952726765411219,0.5475826771175689,1037518145.5,1.0,0.0,0.5094811431760989
I5,Myoepi_KRT15+,43601,5.462147820290379e-05,0.017390292809296663,-8.314598124771509,0.49699098442412987,1265740300.0,1.0,0.0,0.5094811431760989
I6,Myoepi_KRT15+,16766,0.010747206858473055,0.017390292809296663,-0.6943204643832389,0.42731519518523514,1196181281.0,1.0,0.0,0.5094811431760989
I7,Myoepi_KRT15+,10566,0.0029469523575659123,0.017390292809296663,-2.5609865816653685,0.38536025985693534,660499541.0,1.0,0.0,0.5094811431760989
I0,Perivascular-Like,16248,0.006611164207325265,0.005334534373413255,0.3095419981361632,0.572422564948417,1307812334.0,3.8092561355412334e-53,0.001283476583866114,0.9261026807826329
I1,Perivascular-Like,23403,0.0021812889169804915,0.005334534373413255,-1.2901814789689634,0.6121072910575813,1467563173.5,1.0,0.0,0.9261026807826329
I2,Perivascular-Like,15207,0.016853721976087543,0.005334534373413255,1.6596329756446808,0.4493247787046042,1181230493.5,6.057967395372854e-09,0.011580966667439095,0.9261026807826329
I3,Perivascular-Like,26378,0.002295122469864175,0.005334534373413255,-1.2167912108371095,0.5527519099989179,1538484760.5,1.0,0.0,0.9261026807826329
I4,Perivascular-Like,14194,0.008178946426414705,0.005334534373413255,0.6165526633868504,0.5942047738553295,1450390814.0,0.0,0.002859667045150321,0.9261026807826329
I5,Perivascular-Like,43601,0.002818220317242059,0.005334534373413255,-0.9205779499829905,0.5493329055634477,2713777481.5,5.721558716231443e-06,0.0,0.9261026807826329
I6,Perivascular-Like,16766,0.007949330933443868,0.005334534373413255,0.57547108853772,0.5864541070223104,1536292577.5,0.0,0.0026288200911684704,0.9261026807826329
I7,Perivascular-Like,10566,0.0037780880882354816,0.005334534373413255,-0.49770601096304945,0.4554626749065497,525769452.5,1.0,0.0,0.9261026807826329
I0,Prolif_Invasive_Tumor,16248,0.0017714073800642585,0.022788228604642306,-3.6853208436420886,0.5110058841633359,843017448.5,1.0,0.0,0.2952083216513352
I1,Prolif_Invasive_Tumor,23403,0.0015769953845785935,0.022788228604642306,-3.853038440339054,0.4084182557072391,1232147732.0,1.0,0.0,0.2952083216513352
I2,Prolif_Invasive_Tumor,15207,0.030851450234711465,0.022788228604642306,0.43704952366981714,0.33488580445831967,1325834603.5,4.025677284553785e-249,0.008251253071333464,0.2952083216513352
I3,Prolif_Invasive_Tumor,26378,0.0002530978516300765,0.022788228604642306,-6.492449706738082,0.3640739692745729,1043012390.0,1.0,0.0,0.2952083216513352
I4,Prolif_Invasive_Tumor,14194,0.001093529540166476,0.022788228604642306,-4.381224684412011,0.5437664531256388,718579308.0,1.0,0.0,0.2952083216513352
I5,Prolif_Invasive_Tumor,43601,0.0724651494296722,0.022788228604642306,1.6689985443423707,0.330576083952519,5128826783.0,0.0,0.050835368831155574,0.2952083216513352
I6,Prolif_Invasive_Tumor,16766,0.0034671103037665343,0.022788228604642306,-2.7164831429735963,0.4955096402504188,943707606.0,1.0,0.0,0.2952083216513352
I7,Prolif_Invasive_Tumor,10566,0.0015513436001155215,0.022788228604642306,-3.8766986202960037,0.3648503309662788,486195216.0,1.0,0.0,0.2952083216513352
I0,Stromal,16248,0.39416272539377617,0.24024779309805508,0.7142681735982529,0.37595440695516547,1725279233.0,0.0,0.20258569951819258,0.9767323449273237
I1,Stromal,23403,0.156120226265701,0.24024779309805508,-0.6218657197507669,0.4682518338562777,1328959578.0,1.0,0.0,0.9767323449273237
I2,Stromal,15207,0.3476334217023767,0.24024779309805508,0.533043611905184,0.29432321820801843,1468618227.0,0.0,0.14134296370419236,0.9767323449273237
I3,Stromal,26378,0.10541205340897308,0.24024779309805508,-1.188483336242556,0.48771537670875276,958983604.0,1.0,0.0,0.9767323449273237
I4,Stromal,14194,0.27583423257951384,0.24024779309805508,0.19927833598144276,0.48833280277852315,1315614694.5,0.0,0.046839534203619124,0.9767323449273237
I5,Stromal,43601,0.10181624497110787,0.24024779309805508,-1.2385554140871085,0.4401020720237843,1741364047.0,1.0,0.0,0.9767323449273237
I6,Stromal,16766,0.32524282175768876,0.24024779309805508,0.43699403787330243,0.4620165086883531,1661638310.5,0.0,0.11187203918264275,0.9767323449273237
I7,Stromal,10566,0.7605321837232043,0.24024779309805508,1.6624861217509226,0.1394280797206641,1520863393.0,0.0,0.6848080017387802,0.9767323449273237
I0,Stromal_&_T_Cell_Hybrid,16248,0.00557184939016346,0.003671237529240893,0.6018898016795483,0.5483812002258219,1513596441.5,0.0,0.001907615169323537,0.8971527926854355
I1,Stromal_&_T_Cell_Hybrid,23403,0.0026596718688785322,0.003671237529240893,-0.46501819234254327,0.5795145848113405,1776392902.5,1.1959199120716653e-54,0.0,0.8971527926854355
I2,Stromal_&_T_Cell_Hybrid,15207,0.002199715539717346,0.003671237529240893,-0.7389494885964826,0.43560746114353016,886234820.0,1.0,0.0,0.8971527926854355
I3,Stromal_&_T_Cell_Hybrid,26378,0.0017146598578894217,0.003671237529240893,-1.0983440463164524,0.5910235820106713,1346464578.5,1.0,0.0,0.8971527926854355
I4,Stromal_&_T_Cell_Hybrid,14194,0.007005544241705234,0.003671237529240893,0.9322306739879878,0.5667094261290767,1597139671.0,0.0,0.0033465928497293566,0.8971527926854355
I5,Stromal_&_T_Cell_Hybrid,43601,0.0013590127414757774,0.003671237529240893,-1.433707477014571,0.5764598906506657,1964426767.0,1.0,0.0,0.8971527926854355
I6,Stromal_&_T_Cell_Hybrid,16766,0.011988475671387245,0.003671237529240893,1.7073098671895253,0.5451789010757364,2004360816.5,0.0,0.008347885211625064,0.8971527926854355
I7,Stromal_&_T_Cell_Hybrid,10566,0.001856162680311631,0.003671237529240893,-0.983943300879797,0.3296874801211115,632705090.0,1.0,0.0,0.8971527926854355
I0,T_Cell_&_Tumor_Hybrid,16248,0.001169797960161726,0.0034999220192610697,-1.5810633988382177,0.5736268618546204,861671955.5,1.0,0.0,0.48382812029245253
I1,T_Cell_&_Tumor_Hybrid,23403,0.0009589494752608403,0.0034999220192610697,-1.8677960668271365,0.39922147138384073,1366078419.0,1.0,0.0,0.48382812029245253
I2,T_Cell_&_Tumor_Hybrid,15207,0.0018296956197146788,0.0034999220192610697,-0.9357191098386113,0.4394538560163189,1097667118.0,1.0,0.0,0.48382812029245253
I3,T_Cell_&_Tumor_Hybrid,26378,0.0008797367061694581,0.0034999220192610697,-1.992179063446016,0.4383384019627584,1501000546.5,1.0,0.0,0.48382812029245253
I4,T_Cell_&_Tumor_Hybrid,14194,0.0007352865714696714,0.0034999220192610697,-2.2509442342435975,0.6315185573843075,741739744.0,1.0,0.0,0.48382812029245253
I5,T_Cell_&_Tumor_Hybrid,43601,0.010161493970459698,0.0034999220192610697,1.537717843117498,0.4531711731685079,4715181685.5,0.0,0.006684968820772524,0.48382812029245253
I6,T_Cell_&_Tumor_Hybrid,16766,0.0012791512591189364,0.0034999220192610697,-1.4521359050218774,0.6112416989234906,935321977.5,1.0,0.0,0.48382812029245253
I7,T_Cell_&_Tumor_Hybrid,10566,0.0014049094007120423,0.0034999220192610697,-1.3168456800834423,0.39151263388068985,502659641.0,1.0,0.0,0.48382812029245253
I0,Unlabeled,16248,0.07391481583205328,0.042822430209508655,0.787496901674843,0.32601809767864465,1470191192.0,0.0,0.03248340391987056,0.9670390090899529
I1,Unlabeled,23403,0.04447402779985437,0.042822430209508655,0.05459639636731332,0.41784674896291674,1607348157.5,1.0,0.0017254871431088997,0.9670390090899529
I2,Unlabeled,15207,0.02618338222611073,0.042822430209508655,-0.709715203426291,0.4127418510825254,863771636.0,1.0,0.0,0.9670390090899529
I3,Unlabeled,26378,0.04828744699702574,0.042822430209508655,0.17328151664917804,0.37085791424622383,1713342589.0,1.0,0.005709511965176195,0.9670390090899529
I4,Unlabeled,14194,0.058709699523289666,0.042822430209508655,0.4552322007477646,0.5673147134373145,1533732461.5,0.0,0.01659803762143992,0.9670390090899529
I5,Unlabeled,43601,0.021227379097038576,0.042822430209508655,-1.012440416683796,0.4710475381665708,2208441157.0,1.0,0.0,0.9670390090899529
I6,Unlabeled,16766,0.06248922886300829,0.042822430209508655,0.5452408646593867,0.4783877393680565,1723276991.5,0.0,0.02054665641381916,0.9670390090899529
I7,Unlabeled,10566,0.0382190558531697,0.042822430209508655,-0.16407453317046364,0.3285530840670533,601216902.5,1.0,0.0,0.9670390090899529
