method,seed,n_niches,spatial_agreement,heldout_MSE,heldout_MAE,heldout_Huber,heldout_entries,H_fraction_below_1pct_row_max,largest_niche_fraction
Composition-only,40700,262,0.3362118193141006,,,,,,0.06122154565618557
CCC-flat,40700,37,0.4739407614466662,0.1689495835084423,0.1252931967074697,0.0500919316831304,145923.0,,0.07101939734195704
CCC-autoencoder-no-prior,40700,86,0.1750179862191671,0.2096576148884286,0.1111314876975956,0.0540056777466999,145923.0,0.1390602961918194,0.02759628042293058
CCC-tensor,40700,382,0.0220015350727646,0.2576691509995742,0.1092005321643489,0.0610074249753735,145923.0,0.4932563469675599,0.00438799492675655
Proposed,40700,211,0.1064949994061594,0.2576691509995742,0.1092005321643489,0.0610074249753735,145923.0,0.4932563469675599,0.10156104422257353
Composition-only,40701,66,0.3871728772582266,,,,,,0.08341999122401014
CCC-flat,40701,37,0.4707591023949083,0.1689495835084423,0.1252931967074697,0.0500919316831304,145923.0,,0.08010194574514766
CCC-autoencoder-no-prior,40701,72,0.2179227103506727,0.2088690203475033,0.1142423315551979,0.053737362507656,145923.0,0.1399418194640338,0.03631817170885353
CCC-tensor,40701,382,0.0205616011683632,0.2625466516672048,0.1154521512194183,0.0619954014108271,145923.0,0.2231576163610719,0.00450220301389131
Proposed,40701,230,0.0852187167778312,0.2625466516672048,0.1154521512194183,0.0619954014108271,145923.0,0.2231576163610719,0.04598979340358132
Composition-only,40702,234,0.338353790951942,,,,,,0.0634996964469263
CCC-flat,40702,39,0.4607235071956276,0.1689495835084423,0.1252931967074697,0.0500919316831304,145923.0,,0.0715964487295853
CCC-autoencoder-no-prior,40702,75,0.1996191543751335,0.2100455929487951,0.1122485477907959,0.0540174827122352,145923.0,0.1391484485190409,0.029105029363500297
CCC-tensor,40702,66,0.0610385225328825,0.3131155903442601,0.1040686846814038,0.0724436295299622,145923.0,0.0,0.028287539897693597
Proposed,40702,44,0.117573183858231,0.3131155903442601,0.1040686846814038,0.0724436295299622,145923.0,0.0,0.07465001232245151
Composition-only,40703,240,0.3698451682413634,,,,,,0.07080901402355091
CCC-flat,40703,36,0.46640178405054,0.1689495835084423,0.1252931967074697,0.0500919316831304,145923.0,,0.06893960796571354
CCC-autoencoder-no-prior,40703,77,0.2022303948138335,0.2106140805075594,0.1141232632756952,0.0541750167373075,145923.0,0.1240303244005641,0.03178591393518992
CCC-tensor,40703,63,0.0703890764835599,0.313115590343886,0.1040686847415325,0.0724436295299389,145923.0,0.0,0.031707771559781925
Proposed,40703,43,0.1359067945935425,0.313115590343886,0.1040686847415325,0.0724436295299389,145923.0,0.0,0.09199761966302604
Composition-only,40704,70,0.3563234281827006,,,,,,0.06929425413102673
CCC-flat,40704,37,0.4721380976829438,0.1689495835084423,0.1252931967074697,0.0500919316831304,145923.0,,0.08221178988116348
CCC-autoencoder-no-prior,40704,88,0.1994840115932608,0.2057114928345316,0.1127766893758576,0.0533517837747336,145923.0,0.1305535966149506,0.03022306642703005
CCC-tensor,40704,66,0.087193832680385,0.3131155903442599,0.1040686846389829,0.0724436295299621,145923.0,0.0,0.08555387916784381
Proposed,40704,48,0.1187420031020657,0.3131155903442599,0.1040686846389829,0.0724436295299621,145923.0,0.0,0.0911560863894015
