hbc1_program,xenium5k_program,cosine_similarity,n_shared_retained_CCC,evidence_qualification,descriptive_status
1,8,0.364888978015121,2,Descriptive only: inspect shared feature count and weight coverage; not biological validation,insufficient_shared_dimensions_for_program_claim
2,5,0.3202862254136193,2,Descriptive only: inspect shared feature count and weight coverage; not biological validation,insufficient_shared_dimensions_for_program_claim
3,13,0.33434286640211086,2,Descriptive only: inspect shared feature count and weight coverage; not biological validation,insufficient_shared_dimensions_for_program_claim
4,3,0.32301606193831855,2,Descriptive only: inspect shared feature count and weight coverage; not biological validation,insufficient_shared_dimensions_for_program_claim
5,7,0.32289516132199236,2,Descriptive only: inspect shared feature count and weight coverage; not biological validation,insufficient_shared_dimensions_for_program_claim
6,11,0.3357315819743293,2,Descriptive only: inspect shared feature count and weight coverage; not biological validation,insufficient_shared_dimensions_for_program_claim
7,1,0.33046758645999064,2,Descriptive only: inspect shared feature count and weight coverage; not biological validation,insufficient_shared_dimensions_for_program_claim
8,16,0.3721345828173767,2,Descriptive only: inspect shared feature count and weight coverage; not biological validation,insufficient_shared_dimensions_for_program_claim
9,14,0.33796019155537044,2,Descriptive only: inspect shared feature count and weight coverage; not biological validation,insufficient_shared_dimensions_for_program_claim
10,9,0.334678900233902,2,Descriptive only: inspect shared feature count and weight coverage; not biological validation,insufficient_shared_dimensions_for_program_claim
11,6,0.32302053968395317,2,Descriptive only: inspect shared feature count and weight coverage; not biological validation,insufficient_shared_dimensions_for_program_claim
12,15,0.35963441903198423,2,Descriptive only: inspect shared feature count and weight coverage; not biological validation,insufficient_shared_dimensions_for_program_claim
13,10,0.2696442266421085,2,Descriptive only: inspect shared feature count and weight coverage; not biological validation,insufficient_shared_dimensions_for_program_claim
14,4,0.33499731280318656,2,Descriptive only: inspect shared feature count and weight coverage; not biological validation,insufficient_shared_dimensions_for_program_claim
15,12,0.3201823037778294,2,Descriptive only: inspect shared feature count and weight coverage; not biological validation,insufficient_shared_dimensions_for_program_claim
16,2,0.33537061310653254,2,Descriptive only: inspect shared feature count and weight coverage; not biological validation,insufficient_shared_dimensions_for_program_claim
