dataset,program,shared_weight_fraction,maximum_other_program_cosine,note
hbc1,1,0.004927262618338049,0.9933992824761199,Nonshared weight reflects panel/filter differences as well as potential biological differences
hbc1,2,0.006904962657966982,0.99593687682306,Nonshared weight reflects panel/filter differences as well as potential biological differences
hbc1,3,0.006551997990016213,0.9954817588345257,Nonshared weight reflects panel/filter differences as well as potential biological differences
hbc1,4,0.006373970248069603,0.99593687682306,Nonshared weight reflects panel/filter differences as well as potential biological differences
hbc1,5,0.006315460268031267,0.9955950022905427,Nonshared weight reflects panel/filter differences as well as potential biological differences
hbc1,6,0.0069606590052372665,0.9955031607020961,Nonshared weight reflects panel/filter differences as well as potential biological differences
hbc1,7,0.005340143551738438,0.995452751777677,Nonshared weight reflects panel/filter differences as well as potential biological differences
hbc1,8,0.006635119594735175,0.9958224299925826,Nonshared weight reflects panel/filter differences as well as potential biological differences
hbc1,9,0.005782628597160068,0.9956722342036857,Nonshared weight reflects panel/filter differences as well as potential biological differences
hbc1,10,0.005869088135203588,0.9956943506432512,Nonshared weight reflects panel/filter differences as well as potential biological differences
hbc1,11,0.007180337656219813,0.9958840033776313,Nonshared weight reflects panel/filter differences as well as potential biological differences
hbc1,12,0.00737811852534912,0.9952652533683809,Nonshared weight reflects panel/filter differences as well as potential biological differences
hbc1,13,0.006957856898311033,0.9958224299925826,Nonshared weight reflects panel/filter differences as well as potential biological differences
hbc1,14,0.005968402215265961,0.9954817588345257,Nonshared weight reflects panel/filter differences as well as potential biological differences
hbc1,15,0.006814684054798279,0.9953706980291144,Nonshared weight reflects panel/filter differences as well as potential biological differences
hbc1,16,0.006626372485453144,0.9956279367426404,Nonshared weight reflects panel/filter differences as well as potential biological differences
xenium5k,1,0.01933739806030171,0.9997924350587487,Nonshared weight reflects panel/filter differences as well as potential biological differences
xenium5k,2,0.021109783615707,0.9998355924293114,Nonshared weight reflects panel/filter differences as well as potential biological differences
xenium5k,3,0.019259362664366234,0.9997924350587487,Nonshared weight reflects panel/filter differences as well as potential biological differences
xenium5k,4,0.02011846485520536,0.999843961855529,Nonshared weight reflects panel/filter differences as well as potential biological differences
xenium5k,5,0.01879958740184024,0.9996333476261438,Nonshared weight reflects panel/filter differences as well as potential biological differences
xenium5k,6,0.020146873391908446,0.999843961855529,Nonshared weight reflects panel/filter differences as well as potential biological differences
xenium5k,7,0.019995365569816733,0.9996680899413191,Nonshared weight reflects panel/filter differences as well as potential biological differences
xenium5k,8,0.020752081128510617,0.9998444146574653,Nonshared weight reflects panel/filter differences as well as potential biological differences
xenium5k,9,0.02106533154358136,0.9998342933207256,Nonshared weight reflects panel/filter differences as well as potential biological differences
xenium5k,10,0.018262193396608714,0.9995256579372263,Nonshared weight reflects panel/filter differences as well as potential biological differences
xenium5k,11,0.020809668865410965,0.9997922367369515,Nonshared weight reflects panel/filter differences as well as potential biological differences
xenium5k,12,0.019129757766558505,0.9997856765328463,Nonshared weight reflects panel/filter differences as well as potential biological differences
xenium5k,13,0.020342597536531153,0.9998017625174687,Nonshared weight reflects panel/filter differences as well as potential biological differences
xenium5k,14,0.0208527290426851,0.9998355924293114,Nonshared weight reflects panel/filter differences as well as potential biological differences
xenium5k,15,0.020925640507532116,0.9998444146574653,Nonshared weight reflects panel/filter differences as well as potential biological differences
xenium5k,16,0.021239422288998205,0.9997576260730059,Nonshared weight reflects panel/filter differences as well as potential biological differences
