model,H_other_program_cosine_median,H_other_program_cosine_max,centered_Z_first_component_variance_fraction,centered_Z_effective_rank,maximum_latent_column_std,H_fraction_below_1pct_row_max
seed_40700_no_prior,0.15319415153543636,0.9992925341366901,0.3003561221708848,8.103464005948899,5.585934475355393,0.4509109311740891
seed_40700_tensor,0.998733052023707,0.9998444146574653,0.9986812563926213,1.8128181214484183,1.4424358443869744e-09,0.6260121457489879
seed_40701_no_prior,0.1513749657819812,0.9992250596719832,0.28121908280679936,8.36115413613894,4.863885913723587,0.4166244939271255
seed_40701_tensor,0.9986508419239822,0.9989533103645345,0.9999989633984623,1.0117650415207213,1.3353957170553727e-10,0.0
seed_40702_no_prior,0.1284789236281884,0.9992346791342195,0.2644527558179679,9.302402734298653,4.6841136128934275,0.5049342105263158
seed_40702_tensor,0.9986455135687174,0.9989006223023998,0.9999986383874757,1.0125785617451444,1.8290821888586381e-10,0.0
seed_40703_no_prior,0.12223741308625417,0.9992398044167294,0.2737350806167117,10.267020835439844,4.469572043057749,0.47811234817813764
seed_40703_tensor,0.9984493858090703,0.998741831194932,0.9999994088857947,1.0084631540694953,2.2364783912509827e-10,0.0
seed_40704_no_prior,0.18108229312970076,0.9991792101395012,0.30765275768709044,8.060330671473995,6.314999404756236,0.4110576923076923
seed_40704_tensor,0.9987823635635446,0.9998355764059556,0.9993397306172526,1.5805088389511892,3.0733868655861343e-09,0.6205718623481782
