beta,resolution,leiden_objective,modularity,n_niches,median_niche_size,min_niche_size,fraction_cells_niches_lt20,graph_connected_components,mean_degree,degree_min,degree_q25,degree_median,degree_q75,degree_q95,degree_max,spatial_agreement,ARI_previous_beta,NMI_previous_beta,stable_transition
0.0,0.2,633044.6821549378,0.7679518514497046,83,1713.0,349,0.0,1,39.532062193360126,25.0,35.0,37.0,41.0,55.0,104.0,0.6773092291233337,,,False
0.01,0.2,632941.9305617698,0.7675588931541053,78,1649.0,293,0.0,1,39.532062193360126,25.0,35.0,37.0,41.0,55.0,104.0,0.6783098116373576,0.9764803012036507,0.7933790099520688,False
0.02,0.2,633051.739341419,0.7702007960102255,80,1743.0,269,0.0,1,39.532062193360126,25.0,35.0,37.0,41.0,55.0,104.0,0.6747779319420406,0.9661444776992161,0.7887500801818119,False
0.03,0.2,633090.4380957725,0.7695136867507038,79,1725.0,247,0.0,1,39.532062193360126,25.0,35.0,37.0,41.0,55.0,104.0,0.675475173114191,0.9728164000318447,0.7968000606995894,False
0.04,0.2,632924.5359402336,0.7678807173622599,80,1662.0,66,0.0,1,39.532062193360126,25.0,35.0,37.0,41.0,55.0,104.0,0.6778289046319483,0.9623720509736634,0.7826938575866244,False
0.05,0.2,633006.8290867951,0.768118060598717,80,1757.5,215,0.0,1,39.532062193360126,25.0,35.0,37.0,41.0,55.0,104.0,0.6774355473634212,0.9675911301362273,0.7887133855659979,False
0.06,0.2,633021.5436359054,0.7684201881803026,79,1792.0,442,0.0,1,39.532062193360126,25.0,35.0,37.0,41.0,55.0,104.0,0.6763462806652202,0.9756267657006024,0.7864247959011523,False
0.07,0.2,632995.7522868568,0.7677757850520088,75,1864.0,120,0.0,1,39.532062193360126,25.0,35.0,37.0,41.0,55.0,104.0,0.6773313755074802,0.9776330787442783,0.7861231248944065,False
0.08,0.2,633030.5939750936,0.7681761354405826,75,1832.0,216,0.0,1,39.532062193360126,25.0,35.0,37.0,41.0,55.0,104.0,0.6769737779906374,0.9750388506084827,0.7834174327373492,False
0.09,0.2,633073.5829718469,0.7695064159203513,81,1737.0,373,0.0,1,39.532062193360126,25.0,35.0,37.0,41.0,55.0,104.0,0.6756000609642111,0.9835394521686831,0.800543024799681,False
0.1,0.2,632923.6083714641,0.7680694354429077,80,1677.0,286,0.0,1,39.532062193360126,25.0,35.0,37.0,41.0,55.0,104.0,0.6765621709178024,0.972365359222434,0.797457238865812,False
0.11,0.2,632994.814356561,0.7679114315213083,77,1880.0,112,0.0,1,39.532062193360126,25.0,35.0,37.0,41.0,55.0,104.0,0.6768440564086654,0.9792715410348284,0.7875554475108587,False
0.12,0.2,632995.2455761022,0.7676363323096906,76,1759.0,442,0.0,1,39.532062193360126,25.0,35.0,37.0,41.0,55.0,104.0,0.6775224558909628,0.979713108463848,0.8036200771012851,False
0.13,0.2,632903.9870545528,0.7675945637304653,77,1773.0,648,0.0,1,39.532062193360126,25.0,35.0,37.0,41.0,55.0,104.0,0.6770431272470071,0.9800753044881022,0.800079579053598,False
0.14,0.2,632858.4505306678,0.7673704718203017,78,1727.0,259,0.0,1,39.532062193360126,25.0,35.0,37.0,41.0,55.0,104.0,0.6780833660925542,0.9678174890771037,0.7965812977715196,False
0.15,0.2,632976.2279277197,0.7676880752615501,79,1663.0,40,0.0,1,39.532062193360126,25.0,35.0,37.0,41.0,55.0,104.0,0.6769961216699656,0.9605415745779183,0.7878438183206394,False
