resolution,leiden_objective,modularity,n_niches,median_niche_size,min_niche_size,fraction_cells_niches_lt20,graph_connected_components,mean_degree,degree_min,degree_q25,degree_median,degree_q75,degree_q95,degree_max,spatial_agreement,ARI_previous,NMI_previous,ARI_next,NMI_next,adjacent_stability,adjacent_count_relative_change,eligible,selected
0.1,693798.5061894564,0.9590986048337924,2277,58.0,17,0.0004891934030410093,2216,21.0114373989787,9.0,16.0,19.0,22.0,34.0,76.0,0.4213232193246685,,,0.8662995045560566,0.9370652733036643,0.9016823889298604,0.003952569169960474,False,False
0.12,693337.0063315016,0.9614096277686527,2286,58.0,17,0.0004891934030410093,2216,21.0114373989787,9.0,16.0,19.0,22.0,34.0,76.0,0.4130825941751557,0.8662995045560566,0.9370652733036643,0.7055576067535928,0.9206372072306358,0.8573898979609874,0.0034995625546806646,False,False
0.14,693060.6998296009,0.968925618768811,2293,58.0,17,0.0004891934030410093,2216,21.0114373989787,9.0,16.0,19.0,22.0,34.0,76.0,0.37566329406994803,0.7055576067535928,0.9206372072306358,0.8868700968400489,0.9487258185335135,0.8654476823394477,0.0030527692978630614,False,False
0.16,692673.3578302653,0.967670499407878,2300,58.0,17,0.0005406874454663787,2216,21.0114373989787,9.0,16.0,19.0,22.0,34.0,76.0,0.3819023596010494,0.8868700968400489,0.9487258185335135,0.8274676835939613,0.9438234417774057,0.9017217601862324,0.0017391304347826088,False,False
0.18,692381.4847826321,0.972167760348739,2301,58.0,17,0.000514940424253694,2216,21.0114373989787,9.0,16.0,19.0,22.0,34.0,76.0,0.35669193195881066,0.8274676835939613,0.9438234417774057,0.8705047536586252,0.9431259484512655,0.8962304568703143,0.000869187309865276,False,False
0.2,692062.6916734219,0.9723457541903175,2298,58.0,17,0.0004891934030410093,2216,21.0114373989787,9.0,16.0,19.0,22.0,34.0,76.0,0.3559154274474097,0.8705047536586252,0.9431259484512655,0.8067452161693177,0.9268708968961029,0.8868117037938278,0.0026109660574412533,False,False
0.22,691810.5672136571,0.9736160115776055,2307,58.0,17,0.000514940424253694,2216,21.0114373989787,9.0,16.0,19.0,22.0,34.0,76.0,0.3466736772221233,0.8067452161693177,0.9268708968961029,0.8392926534385909,0.9398156618497906,0.8781811070884504,0.0028175119202427396,False,False
0.24,691579.9607198498,0.9741015855739789,2303,58.0,17,0.000514940424253694,2216,21.0114373989787,9.0,16.0,19.0,22.0,34.0,76.0,0.34298731539953015,0.8392926534385909,0.9398156618497906,0.8886431659788693,0.9503906154354785,0.9045355241756824,0.0019539730785931393,False,False
0.26,691312.7752925394,0.9749212782862188,2308,58.0,17,0.0004891934030410093,2216,21.0114373989787,9.0,16.0,19.0,22.0,34.0,76.0,0.3369276405123953,0.8886431659788693,0.9503906154354785,0.8107844903365079,0.923824085122814,0.8934105892184174,0.002166377816291161,False,False
0.28,690956.2794291412,0.9759740461335346,2313,58.0,17,0.00046201599176095323,2216,21.0114373989787,9.0,16.0,19.0,22.0,34.0,76.0,0.33052378418077366,0.8107844903365079,0.923824085122814,0.8757307020372195,0.9428055892596492,0.8882862166890477,0.002594033722438392,False,False
0.3,690830.1539560772,0.9759642062209974,2320,58.0,17,0.000514940424253694,2216,21.0114373989787,9.0,16.0,19.0,22.0,34.0,76.0,0.32865219276331137,0.8757307020372195,0.9428055892596492,0.8703084796785779,0.9354907853132892,0.906083889072184,0.004094827586206896,False,False
0.32,690576.6533343784,0.9759122002402371,2332,58.0,17,0.0005406874454663787,2216,21.0114373989787,9.0,16.0,19.0,22.0,34.0,76.0,0.32668062201251935,0.8703084796785779,0.9354907853132892,0.8827958302900126,0.9474633026145061,0.9090145994740964,0.003859348198970841,False,False
0.34,690292.0668171267,0.9763734212328623,2326,58.0,17,0.0004877630129736379,2216,21.0114373989787,9.0,16.0,19.0,22.0,34.0,76.0,0.32203486304508344,0.8827958302900126,0.9474633026145061,0.8719468037284996,0.9428247283669956,0.9112576662500035,0.005374032674118658,False,False
0.35,690133.4258111923,0.9759599584939378,2307,58.0,17,0.00046201599176095323,2216,21.0114373989787,9.0,16.0,19.0,22.0,34.0,76.0,0.3263522241825691,0.8719468037284996,0.9428247283669956,,,0.9073857660477476,0.0082358040745557,False,False
