C_state,I_state,cell_type,sender_availability,receiver_availability
0,0,B_Cells,0.016384603455662727,0.016384603455662727
0,0,CD4+_T_Cells,0.01947368122637272,0.01947368122637272
0,0,CD8+_T_Cells,0.036829497665166855,0.036829497665166855
0,0,DCIS_1,0.00022086963872425258,0.00022086963872425258
0,0,DCIS_2,0.0035299560986459255,0.0035299560986459255
0,0,Endothelial,0.06201868876814842,0.06201868876814842
0,0,IRF7+_DCs,0.0010207582963630557,0.0010207582963630557
0,0,Invasive_Tumor,0.19063836336135864,0.19063836336135864
0,0,LAMP3+_DCs,0.0001374088751617819,0.0001374088751617819
0,0,Macrophages_1,0.09355419874191284,0.09355419874191284
0,0,Macrophages_2,0.003911561332643032,0.003911561332643032
0,0,Mast_Cells,0.0015691042644903064,0.0015691042644903064
0,0,Myoepi_ACTA2+,0.004496575333178043,0.004496575333178043
0,0,Myoepi_KRT15+,0.0,0.0
0,0,Perivascular-Like,0.004850614815950394,0.004850614815950394
0,0,Prolif_Invasive_Tumor,0.039040569216012955,0.039040569216012955
0,0,Stromal,0.46577244997024536,0.46577244997024536
0,0,Stromal_&_T_Cell_Hybrid,0.004350354894995689,0.004350354894995689
0,0,T_Cell_&_Tumor_Hybrid,0.012355504557490349,0.012355504557490349
0,0,Unlabeled,0.039845794439315796,0.039845794439315796
0,1,B_Cells,0.01792754791676998,0.01792754791676998
0,1,CD4+_T_Cells,0.007049188017845154,0.007049188017845154
0,1,CD8+_T_Cells,0.03250705078244209,0.03250705078244209
0,1,DCIS_1,0.14904408156871796,0.14904408156871796
0,1,DCIS_2,0.036442603915929794,0.036442603915929794
0,1,Endothelial,0.056499797850847244,0.056499797850847244
0,1,IRF7+_DCs,0.0009372506174258888,0.0009372506174258888
0,1,Invasive_Tumor,0.003447970375418663,0.003447970375418663
0,1,LAMP3+_DCs,0.00033088610507547855,0.00033088610507547855
0,1,Macrophages_1,0.046442948281764984,0.046442948281764984
0,1,Macrophages_2,0.007919412106275558,0.007919412106275558
0,1,Mast_Cells,0.0004355815181042999,0.0004355815181042999
0,1,Myoepi_ACTA2+,0.1532309204339981,0.1532309204339981
0,1,Myoepi_KRT15+,0.008435343392193317,0.008435343392193317
0,1,Perivascular-Like,0.008319715037941933,0.008319715037941933
0,1,Prolif_Invasive_Tumor,0.0,0.0
0,1,Stromal,0.4431058168411255,0.4431058168411255
0,1,Stromal_&_T_Cell_Hybrid,0.006677466910332441,0.006677466910332441
0,1,T_Cell_&_Tumor_Hybrid,0.0006844128365628421,0.0006844128365628421
0,1,Unlabeled,0.020561862736940384,0.020561862736940384
0,2,B_Cells,0.014052932150661945,0.014052932150661945
0,2,CD4+_T_Cells,0.01591881364583969,0.01591881364583969
0,2,CD8+_T_Cells,0.045805588364601135,0.045805588364601135
0,2,DCIS_1,0.0027888428885489702,0.0027888428885489702
0,2,DCIS_2,0.09805524349212646,0.09805524349212646
0,2,Endothelial,0.05209102854132652,0.05209102854132652
0,2,IRF7+_DCs,0.001169330789707601,0.001169330789707601
0,2,Invasive_Tumor,0.0065703061409294605,0.0065703061409294605
0,2,LAMP3+_DCs,0.00048544412129558623,0.00048544412129558623
0,2,Macrophages_1,0.07881690561771393,0.07881690561771393
0,2,Macrophages_2,0.0033776401542127132,0.0033776401542127132
0,2,Mast_Cells,0.0015663467347621918,0.0015663467347621918
0,2,Myoepi_ACTA2+,0.1788322776556015,0.1788322776556015
0,2,Myoepi_KRT15+,0.008920514024794102,0.008920514024794102
0,2,Perivascular-Like,0.0026053304318338633,0.0026053304318338633
0,2,Prolif_Invasive_Tumor,4.256497777532786e-05,4.256497777532786e-05
0,2,Stromal,0.46056538820266724,0.46056538820266724
0,2,Stromal_&_T_Cell_Hybrid,0.00440118508413434,0.00440118508413434
0,2,T_Cell_&_Tumor_Hybrid,0.0006842971197329462,0.0006842971197329462
0,2,Unlabeled,0.02325022965669632,0.02325022965669632
0,3,B_Cells,0.061411917209625244,0.061411917209625244
0,3,CD4+_T_Cells,0.039088934659957886,0.039088934659957886
0,3,CD8+_T_Cells,0.038602061569690704,0.038602061569690704
0,3,DCIS_1,0.0013483542716130614,0.0013483542716130614
0,3,DCIS_2,0.0012637011241167784,0.0012637011241167784
0,3,Endothelial,0.035694535821676254,0.035694535821676254
0,3,IRF7+_DCs,0.023389358073472977,0.023389358073472977
0,3,Invasive_Tumor,0.008161337114870548,0.008161337114870548
0,3,LAMP3+_DCs,0.0012372232740744948,0.0012372232740744948
0,3,Macrophages_1,0.0682087391614914,0.0682087391614914
0,3,Macrophages_2,0.019304072484374046,0.019304072484374046
0,3,Mast_Cells,0.0018574841087684035,0.0018574841087684035
0,3,Myoepi_ACTA2+,0.006204703357070684,0.006204703357070684
0,3,Myoepi_KRT15+,0.00030811960459686816,0.00030811960459686816
0,3,Perivascular-Like,0.0033435532823204994,0.0033435532823204994
0,3,Prolif_Invasive_Tumor,0.00031452314578928053,0.00031452314578928053
0,3,Stromal,0.6171042323112488,0.6171042323112488
0,3,Stromal_&_T_Cell_Hybrid,0.005330241750925779,0.005330241750925779
0,3,T_Cell_&_Tumor_Hybrid,0.002199748530983925,0.002199748530983925
0,3,Unlabeled,0.06562696397304535,0.06562696397304535
0,4,B_Cells,0.02717863768339157,0.02717863768339157
0,4,CD4+_T_Cells,0.011634591035544872,0.011634591035544872
0,4,CD8+_T_Cells,0.0365527868270874,0.0365527868270874
0,4,DCIS_1,0.12104516476392746,0.12104516476392746
0,4,DCIS_2,0.004471712280064821,0.004471712280064821
0,4,Endothelial,0.08587034791707993,0.08587034791707993
0,4,IRF7+_DCs,0.0009174214210361242,0.0009174214210361242
0,4,Invasive_Tumor,0.0011508226161822677,0.0011508226161822677
0,4,LAMP3+_DCs,0.001271369750611484,0.001271369750611484
0,4,Macrophages_1,0.0662560760974884,0.0662560760974884
0,4,Macrophages_2,0.009078209288418293,0.009078209288418293
0,4,Mast_Cells,0.001390172983519733,0.001390172983519733
0,4,Myoepi_ACTA2+,0.11369462311267853,0.11369462311267853
0,4,Myoepi_KRT15+,0.002238024491816759,0.002238024491816759
0,4,Perivascular-Like,0.004648016765713692,0.004648016765713692
0,4,Prolif_Invasive_Tumor,0.00010629286407493055,0.00010629286407493055
0,4,Stromal,0.4809110760688782,0.4809110760688782
0,4,Stromal_&_T_Cell_Hybrid,0.006800314411520958,0.006800314411520958
0,4,T_Cell_&_Tumor_Hybrid,0.0002732683205977082,0.0002732683205977082
0,4,Unlabeled,0.02451069839298725,0.02451069839298725
0,5,B_Cells,0.07199770212173462,0.07199770212173462
0,5,CD4+_T_Cells,0.07062813639640808,0.07062813639640808
0,5,CD8+_T_Cells,0.08466307073831558,0.08466307073831558
0,5,DCIS_1,0.0004260436980985105,0.0004260436980985105
0,5,DCIS_2,0.001561192562803626,0.001561192562803626
0,5,Endothelial,0.038829926401376724,0.038829926401376724
0,5,IRF7+_DCs,0.0032534932252019644,0.0032534932252019644
0,5,Invasive_Tumor,0.008867689408361912,0.008867689408361912
0,5,LAMP3+_DCs,0.0027340545784682035,0.0027340545784682035
0,5,Macrophages_1,0.1075030267238617,0.1075030267238617
0,5,Macrophages_2,0.009365764446556568,0.009365764446556568
0,5,Mast_Cells,0.002090633613988757,0.002090633613988757
0,5,Myoepi_ACTA2+,0.010944652371108532,0.010944652371108532
0,5,Myoepi_KRT15+,0.0006402593571692705,0.0006402593571692705
0,5,Perivascular-Like,0.0037399146240204573,0.0037399146240204573
0,5,Prolif_Invasive_Tumor,0.0004962565726600587,0.0004962565726600587
0,5,Stromal,0.5272866487503052,0.5272866487503052
0,5,Stromal_&_T_Cell_Hybrid,0.01306839194148779,0.01306839194148779
0,5,T_Cell_&_Tumor_Hybrid,0.0008026540162973106,0.0008026540162973106
0,5,Unlabeled,0.041099727153778076,0.041099727153778076
0,6,B_Cells,0.027607455849647522,0.027607455849647522
0,6,CD4+_T_Cells,0.013040564022958279,0.013040564022958279
0,6,CD8+_T_Cells,0.021365128457546234,0.021365128457546234
0,6,DCIS_1,0.001102448906749487,0.001102448906749487
0,6,DCIS_2,0.0017837068298831582,0.0017837068298831582
0,6,Endothelial,0.10887797921895981,0.10887797921895981
0,6,IRF7+_DCs,0.0016429034294560552,0.0016429034294560552
0,6,Invasive_Tumor,0.022817760705947876,0.022817760705947876
0,6,LAMP3+_DCs,0.0004837749875150621,0.0004837749875150621
0,6,Macrophages_1,0.05131428688764572,0.05131428688764572
0,6,Macrophages_2,0.013581344857811928,0.013581344857811928
0,6,Mast_Cells,0.0021786983124911785,0.0021786983124911785
0,6,Myoepi_ACTA2+,0.01148233562707901,0.01148233562707901
0,6,Myoepi_KRT15+,0.0005195693229325116,0.0005195693229325116
0,6,Perivascular-Like,0.013070154003798962,0.013070154003798962
0,6,Prolif_Invasive_Tumor,0.0014398327330127358,0.0014398327330127358
0,6,Stromal,0.6825965046882629,0.6825965046882629
0,6,Stromal_&_T_Cell_Hybrid,0.00405244342982769,0.00405244342982769
0,6,T_Cell_&_Tumor_Hybrid,0.0012085471535101533,0.0012085471535101533
0,6,Unlabeled,0.019834142178297043,0.019834142178297043
0,7,B_Cells,0.06807325035333633,0.06807325035333633
0,7,CD4+_T_Cells,0.03577584773302078,0.03577584773302078
0,7,CD8+_T_Cells,0.03685465082526207,0.03685465082526207
0,7,DCIS_1,0.000709623156581074,0.000709623156581074
0,7,DCIS_2,0.0010451215784996748,0.0010451215784996748
0,7,Endothelial,0.04770875349640846,0.04770875349640846
0,7,IRF7+_DCs,0.004197298549115658,0.004197298549115658
0,7,Invasive_Tumor,0.0055238595232367516,0.0055238595232367516
0,7,LAMP3+_DCs,0.000885750399902463,0.000885750399902463
0,7,Macrophages_1,0.061023421585559845,0.061023421585559845
0,7,Macrophages_2,0.0686742514371872,0.0686742514371872
0,7,Mast_Cells,0.0033063183072954416,0.0033063183072954416
0,7,Myoepi_ACTA2+,0.0035445743706077337,0.0035445743706077337
0,7,Myoepi_KRT15+,0.00017231616948265582,0.00017231616948265582
0,7,Perivascular-Like,0.0038561727851629257,0.0038561727851629257
0,7,Prolif_Invasive_Tumor,0.00023932993644848466,0.00023932993644848466
0,7,Stromal,0.622063398361206,0.622063398361206
0,7,Stromal_&_T_Cell_Hybrid,0.006274731829762459,0.006274731829762459
0,7,T_Cell_&_Tumor_Hybrid,0.0008487111772410572,0.0008487111772410572
0,7,Unlabeled,0.02922278456389904,0.02922278456389904
1,0,B_Cells,0.002419638680294156,0.002419638680294156
1,0,CD4+_T_Cells,0.004344532731920481,0.004344532731920481
1,0,CD8+_T_Cells,0.011566475965082645,0.011566475965082645
1,0,DCIS_1,0.00018912101222667843,0.00018912101222667843
1,0,DCIS_2,0.00510435551404953,0.00510435551404953
1,0,Endothelial,0.024742132052779198,0.024742132052779198
1,0,IRF7+_DCs,0.00029106708825565875,0.00029106708825565875
1,0,Invasive_Tumor,0.7246692180633545,0.7246692180633545
1,0,LAMP3+_DCs,9.799427061807364e-05,9.799427061807364e-05
1,0,Macrophages_1,0.04123160243034363,0.04123160243034363
1,0,Macrophages_2,0.0006003699963912368,0.0006003699963912368
1,0,Mast_Cells,0.0001318697613896802,0.0001318697613896802
1,0,Myoepi_ACTA2+,0.0004086760454811156,0.0004086760454811156
1,0,Myoepi_KRT15+,1.9902454369002953e-06,1.9902454369002953e-06
1,0,Perivascular-Like,0.0011810266878455877,0.0011810266878455877
1,0,Prolif_Invasive_Tumor,0.09024608135223389,0.09024608135223389
1,0,Stromal,0.07048060745000839,0.07048060745000839
1,0,Stromal_&_T_Cell_Hybrid,0.0005316598690114915,0.0005316598690114915
1,0,T_Cell_&_Tumor_Hybrid,0.008784003555774689,0.008784003555774689
1,0,Unlabeled,0.012979459017515182,0.012979459017515182
1,1,B_Cells,0.0003529735840857029,0.0003529735840857029
1,1,CD4+_T_Cells,0.008114049211144447,0.008114049211144447
1,1,CD8+_T_Cells,0.0024797613732516766,0.0024797613732516766
1,1,DCIS_1,0.06182600185275078,0.06182600185275078
1,1,DCIS_2,0.18372361361980438,0.18372361361980438
1,1,Endothelial,0.0040284087881445885,0.0040284087881445885
1,1,IRF7+_DCs,0.0,0.0
1,1,Invasive_Tumor,0.4632672667503357,0.4632672667503357
1,1,LAMP3+_DCs,0.0,0.0
1,1,Macrophages_1,0.049196235835552216,0.049196235835552216
1,1,Macrophages_2,0.0,0.0
1,1,Mast_Cells,0.0,0.0
1,1,Myoepi_ACTA2+,0.014925414696335793,0.014925414696335793
1,1,Myoepi_KRT15+,0.005456982646137476,0.005456982646137476
1,1,Perivascular-Like,0.00023213656095322222,0.00023213656095322222
1,1,Prolif_Invasive_Tumor,0.0031920114997774363,0.0031920114997774363
1,1,Stromal,0.01304165180772543,0.01304165180772543
1,1,Stromal_&_T_Cell_Hybrid,0.0,0.0
1,1,T_Cell_&_Tumor_Hybrid,0.001106414245441556,0.001106414245441556
1,1,Unlabeled,0.18905726075172424,0.18905726075172424
1,2,B_Cells,0.0002491860941518098,0.0002491860941518098
1,2,CD4+_T_Cells,0.001739372732117772,0.001739372732117772
1,2,CD8+_T_Cells,0.0028989645652472973,0.0028989645652472973
1,2,DCIS_1,0.002750946208834648,0.002750946208834648
1,2,DCIS_2,0.28636813163757324,0.28636813163757324
1,2,Endothelial,0.005639216396957636,0.005639216396957636
1,2,IRF7+_DCs,0.00011026639549527317,0.00011026639549527317
1,2,Invasive_Tumor,0.5655285120010376,0.5655285120010376
1,2,LAMP3+_DCs,0.0,0.0
1,2,Macrophages_1,0.019341161474585533,0.019341161474585533
1,2,Macrophages_2,0.0005008430453017354,0.0005008430453017354
1,2,Mast_Cells,0.0002723446814343333,0.0002723446814343333
1,2,Myoepi_ACTA2+,0.029717182740569115,0.029717182740569115
1,2,Myoepi_KRT15+,0.00016033729480113834,0.00016033729480113834
1,2,Perivascular-Like,0.00040164278470911086,0.00040164278470911086
1,2,Prolif_Invasive_Tumor,0.009216418489813805,0.009216418489813805
1,2,Stromal,0.017010025680065155,0.017010025680065155
1,2,Stromal_&_T_Cell_Hybrid,0.000181845563929528,0.000181845563929528
1,2,T_Cell_&_Tumor_Hybrid,0.0012424441520124674,0.0012424441520124674
1,2,Unlabeled,0.05667117238044739,0.05667117238044739
1,3,B_Cells,0.014558122493326664,0.014558122493326664
1,3,CD4+_T_Cells,0.013116875663399696,0.013116875663399696
1,3,CD8+_T_Cells,0.01375149842351675,0.01375149842351675
1,3,DCIS_1,0.0002692627313081175,0.0002692627313081175
1,3,DCIS_2,0.0026347185485064983,0.0026347185485064983
1,3,Endothelial,0.02188621461391449,0.02188621461391449
1,3,IRF7+_DCs,0.005978885106742382,0.005978885106742382
1,3,Invasive_Tumor,0.613705039024353,0.613705039024353
1,3,LAMP3+_DCs,0.0005825241096317768,0.0005825241096317768
1,3,Macrophages_1,0.06842882186174393,0.06842882186174393
1,3,Macrophages_2,0.0010540231596678495,0.0010540231596678495
1,3,Mast_Cells,0.0004619108804035932,0.0004619108804035932
1,3,Myoepi_ACTA2+,9.179412154480815e-05,9.179412154480815e-05
1,3,Myoepi_KRT15+,0.0,0.0
1,3,Perivascular-Like,0.0017738081514835358,0.0017738081514835358
1,3,Prolif_Invasive_Tumor,0.018651138991117477,0.018651138991117477
1,3,Stromal,0.15778741240501404,0.15778741240501404
1,3,Stromal_&_T_Cell_Hybrid,0.0011187244672328234,0.0011187244672328234
1,3,T_Cell_&_Tumor_Hybrid,0.008957206271588802,0.008957206271588802
1,3,Unlabeled,0.055192142724990845,0.055192142724990845
1,4,B_Cells,0.0,0.0
1,4,CD4+_T_Cells,0.0,0.0
1,4,CD8+_T_Cells,0.0,0.0
1,4,DCIS_1,0.11807883530855179,0.11807883530855179
1,4,DCIS_2,0.11274921149015427,0.11274921149015427
1,4,Endothelial,0.0008919330430217087,0.0008919330430217087
1,4,IRF7+_DCs,0.0,0.0
1,4,Invasive_Tumor,0.39907702803611755,0.39907702803611755
1,4,LAMP3+_DCs,0.0,0.0
1,4,Macrophages_1,0.04444824904203415,0.04444824904203415
1,4,Macrophages_2,0.001500969985499978,0.001500969985499978
1,4,Mast_Cells,0.0,0.0
1,4,Myoepi_ACTA2+,0.04873501881957054,0.04873501881957054
1,4,Myoepi_KRT15+,0.0,0.0
1,4,Perivascular-Like,0.0,0.0
1,4,Prolif_Invasive_Tumor,0.0,0.0
1,4,Stromal,0.029891634359955788,0.029891634359955788
1,4,Stromal_&_T_Cell_Hybrid,0.0,0.0
1,4,T_Cell_&_Tumor_Hybrid,0.0,0.0
1,4,Unlabeled,0.24462713301181793,0.24462713301181793
1,5,B_Cells,0.022114664316177368,0.022114664316177368
1,5,CD4+_T_Cells,0.05046533793210983,0.05046533793210983
1,5,CD8+_T_Cells,0.05636875703930855,0.05636875703930855
1,5,DCIS_1,0.0006496445275843143,0.0006496445275843143
1,5,DCIS_2,0.0028911312110722065,0.0028911312110722065
1,5,Endothelial,0.045277852565050125,0.045277852565050125
1,5,IRF7+_DCs,0.000522653921507299,0.000522653921507299
1,5,Invasive_Tumor,0.49024978280067444,0.49024978280067444
1,5,LAMP3+_DCs,0.0014901827089488506,0.0014901827089488506
1,5,Macrophages_1,0.10971284657716751,0.10971284657716751
1,5,Macrophages_2,0.002878186758607626,0.002878186758607626
1,5,Mast_Cells,0.0005291139241307974,0.0005291139241307974
1,5,Myoepi_ACTA2+,0.0007637578528374434,0.0007637578528374434
1,5,Myoepi_KRT15+,0.0,0.0
1,5,Perivascular-Like,0.00418437272310257,0.00418437272310257
1,5,Prolif_Invasive_Tumor,0.02056039310991764,0.02056039310991764
1,5,Stromal,0.12848545610904694,0.12848545610904694
1,5,Stromal_&_T_Cell_Hybrid,0.005289105232805014,0.005289105232805014
1,5,T_Cell_&_Tumor_Hybrid,0.01439643744379282,0.01439643744379282
1,5,Unlabeled,0.04317059367895126,0.04317059367895126
1,6,B_Cells,0.006972756702452898,0.006972756702452898
1,6,CD4+_T_Cells,0.006706485990434885,0.006706485990434885
1,6,CD8+_T_Cells,0.011415187269449234,0.011415187269449234
1,6,DCIS_1,1.699991344139562e-06,1.699991344139562e-06
1,6,DCIS_2,0.002015712670981884,0.002015712670981884
1,6,Endothelial,0.09495112299919128,0.09495112299919128
1,6,IRF7+_DCs,0.00038933692849241197,0.00038933692849241197
1,6,Invasive_Tumor,0.6022564768791199,0.6022564768791199
1,6,LAMP3+_DCs,0.00014743863721378148,0.00014743863721378148
1,6,Macrophages_1,0.06049307435750961,0.06049307435750961
1,6,Macrophages_2,0.0010117688216269016,0.0010117688216269016
1,6,Mast_Cells,0.00026603584410622716,0.00026603584410622716
1,6,Myoepi_ACTA2+,0.0002485871082171798,0.0002485871082171798
1,6,Myoepi_KRT15+,0.0,0.0
1,6,Perivascular-Like,0.0054044947028160095,0.0054044947028160095
1,6,Prolif_Invasive_Tumor,0.04525786265730858,0.04525786265730858
1,6,Stromal,0.13514848053455353,0.13514848053455353
1,6,Stromal_&_T_Cell_Hybrid,0.0008653430850245059,0.0008653430850245059
1,6,T_Cell_&_Tumor_Hybrid,0.006063442211598158,0.006063442211598158
1,6,Unlabeled,0.020385025069117546,0.020385025069117546
1,7,B_Cells,0.03007429838180542,0.03007429838180542
1,7,CD4+_T_Cells,0.023849057033658028,0.023849057033658028
1,7,CD8+_T_Cells,0.029474854469299316,0.029474854469299316
1,7,DCIS_1,0.0,0.0
1,7,DCIS_2,0.00610117893666029,0.00610117893666029
1,7,Endothelial,0.04766752943396568,0.04766752943396568
1,7,IRF7+_DCs,0.00029126176377758384,0.00029126176377758384
1,7,Invasive_Tumor,0.5096130967140198,0.5096130967140198
1,7,LAMP3+_DCs,0.00011870792513946071,0.00011870792513946071
1,7,Macrophages_1,0.07734772562980652,0.07734772562980652
1,7,Macrophages_2,0.042023397982120514,0.042023397982120514
1,7,Mast_Cells,5.084577787783928e-05,5.084577787783928e-05
1,7,Myoepi_ACTA2+,0.0022448173258453608,0.0022448173258453608
1,7,Myoepi_KRT15+,0.0,0.0
1,7,Perivascular-Like,0.0012453753734007478,0.0012453753734007478
1,7,Prolif_Invasive_Tumor,0.032094988971948624,0.032094988971948624
1,7,Stromal,0.15357649326324463,0.15357649326324463
1,7,Stromal_&_T_Cell_Hybrid,0.002030270639806986,0.002030270639806986
1,7,T_Cell_&_Tumor_Hybrid,0.008896833285689354,0.008896833285689354
1,7,Unlabeled,0.033299244940280914,0.033299244940280914
2,0,B_Cells,0.0020168290939182043,0.0020168290939182043
2,0,CD4+_T_Cells,0.009443061426281929,0.009443061426281929
2,0,CD8+_T_Cells,0.0250410083681345,0.0250410083681345
2,0,DCIS_1,0.0037058251909911633,0.0037058251909911633
2,0,DCIS_2,0.1740722507238388,0.1740722507238388
2,0,Endothelial,0.09111455082893372,0.09111455082893372
2,0,IRF7+_DCs,0.0,0.0
2,0,Invasive_Tumor,0.10601196438074112,0.10601196438074112
2,0,LAMP3+_DCs,0.0,0.0
2,0,Macrophages_1,0.05002133920788765,0.05002133920788765
2,0,Macrophages_2,0.0009261153172701597,0.0009261153172701597
2,0,Mast_Cells,0.0024561253376305103,0.0024561253376305103
2,0,Myoepi_ACTA2+,0.3633188307285309,0.3633188307285309
2,0,Myoepi_KRT15+,0.008221943862736225,0.008221943862736225
2,0,Perivascular-Like,0.0005848864675499499,0.0005848864675499499
2,0,Prolif_Invasive_Tumor,0.03149743005633354,0.03149743005633354
2,0,Stromal,0.09193182736635208,0.09193182736635208
2,0,Stromal_&_T_Cell_Hybrid,0.00010161223326576874,0.00010161223326576874
2,0,T_Cell_&_Tumor_Hybrid,0.0073598166927695274,0.0073598166927695274
2,0,Unlabeled,0.03217452019453049,0.03217452019453049
2,1,B_Cells,0.0029381082858890295,0.0029381082858890295
2,1,CD4+_T_Cells,0.006495384499430656,0.006495384499430656
2,1,CD8+_T_Cells,0.021984469145536423,0.021984469145536423
2,1,DCIS_1,0.17865672707557678,0.17865672707557678
2,1,DCIS_2,0.0614272765815258,0.0614272765815258
2,1,Endothelial,0.018501458689570427,0.018501458689570427
2,1,IRF7+_DCs,0.00018102834292221814,0.00018102834292221814
2,1,Invasive_Tumor,0.006612242665141821,0.006612242665141821
2,1,LAMP3+_DCs,0.0005996773834340274,0.0005996773834340274
2,1,Macrophages_1,0.058020107448101044,0.058020107448101044
2,1,Macrophages_2,0.0009922737954184413,0.0009922737954184413
2,1,Mast_Cells,0.0006294046761468053,0.0006294046761468053
2,1,Myoepi_ACTA2+,0.25364580750465393,0.25364580750465393
2,1,Myoepi_KRT15+,0.2822084128856659,0.2822084128856659
2,1,Perivascular-Like,0.0019568761344999075,0.0019568761344999075
2,1,Prolif_Invasive_Tumor,0.0,0.0
2,1,Stromal,0.08046389371156693,0.08046389371156693
2,1,Stromal_&_T_Cell_Hybrid,0.00136550550814718,0.00136550550814718
2,1,T_Cell_&_Tumor_Hybrid,0.0010945686371996999,0.0010945686371996999
2,1,Unlabeled,0.022226588800549507,0.022226588800549507
2,2,B_Cells,0.0028674229979515076,0.0028674229979515076
2,2,CD4+_T_Cells,0.005518939346075058,0.005518939346075058
2,2,CD8+_T_Cells,0.020314611494541168,0.020314611494541168
2,2,DCIS_1,0.0017116803210228682,0.0017116803210228682
2,2,DCIS_2,0.17858187854290009,0.17858187854290009
2,2,Endothelial,0.03502478078007698,0.03502478078007698
2,2,IRF7+_DCs,0.00016246172890532762,0.00016246172890532762
2,2,Invasive_Tumor,0.011838320642709732,0.011838320642709732
2,2,LAMP3+_DCs,0.0002719660697039217,0.0002719660697039217
2,2,Macrophages_1,0.044930312782526016,0.044930312782526016
2,2,Macrophages_2,0.001111788209527731,0.001111788209527731
2,2,Mast_Cells,0.0012866049073636532,0.0012866049073636532
2,2,Myoepi_ACTA2+,0.43128687143325806,0.43128687143325806
2,2,Myoepi_KRT15+,0.10782143473625183,0.10782143473625183
2,2,Perivascular-Like,0.0019916638266295195,0.0019916638266295195
2,2,Prolif_Invasive_Tumor,0.0003234261821489781,0.0003234261821489781
2,2,Stromal,0.14063656330108643,0.14063656330108643
2,2,Stromal_&_T_Cell_Hybrid,0.001653900952078402,0.001653900952078402
2,2,T_Cell_&_Tumor_Hybrid,0.0008965301676653326,0.0008965301676653326
2,2,Unlabeled,0.011769047006964684,0.011769047006964684
2,3,B_Cells,0.015283899381756783,0.015283899381756783
2,3,CD4+_T_Cells,0.007357270456850529,0.007357270456850529
2,3,CD8+_T_Cells,0.02393885888159275,0.02393885888159275
2,3,DCIS_1,0.0008894117781892419,0.0008894117781892419
2,3,DCIS_2,0.011417921632528305,0.011417921632528305
2,3,Endothelial,0.012160948477685452,0.012160948477685452
2,3,IRF7+_DCs,0.0019230337347835302,0.0019230337347835302
2,3,Invasive_Tumor,0.002457692753523588,0.002457692753523588
2,3,LAMP3+_DCs,0.0,0.0
2,3,Macrophages_1,0.07246940582990646,0.07246940582990646
2,3,Macrophages_2,0.0005402773385867476,0.0005402773385867476
2,3,Mast_Cells,0.00072054925840348,0.00072054925840348
2,3,Myoepi_ACTA2+,0.3892635405063629,0.3892635405063629
2,3,Myoepi_KRT15+,0.251194030046463,0.251194030046463
2,3,Perivascular-Like,0.0008585714385844767,0.0008585714385844767
2,3,Prolif_Invasive_Tumor,0.0,0.0
2,3,Stromal,0.176946759223938,0.176946759223938
2,3,Stromal_&_T_Cell_Hybrid,0.0002675284049473703,0.0002675284049473703
2,3,T_Cell_&_Tumor_Hybrid,0.0,0.0
2,3,Unlabeled,0.032310325652360916,0.032310325652360916
2,4,B_Cells,0.00550071382895112,0.00550071382895112
2,4,CD4+_T_Cells,0.0091728325933218,0.0091728325933218
2,4,CD8+_T_Cells,0.03543681278824806,0.03543681278824806
2,4,DCIS_1,0.17432652413845062,0.17432652413845062
2,4,DCIS_2,0.008085209876298904,0.008085209876298904
2,4,Endothelial,0.035687822848558426,0.035687822848558426
2,4,IRF7+_DCs,0.0001191169285448268,0.0001191169285448268
2,4,Invasive_Tumor,0.0020005677361041307,0.0020005677361041307
2,4,LAMP3+_DCs,0.0007783837500028312,0.0007783837500028312
2,4,Macrophages_1,0.06276661902666092,0.06276661902666092
2,4,Macrophages_2,0.001580646145157516,0.001580646145157516
2,4,Mast_Cells,0.00022850744426250458,0.00022850744426250458
2,4,Myoepi_ACTA2+,0.3005111813545227,0.3005111813545227
2,4,Myoepi_KRT15+,0.22743035852909088,0.22743035852909088
2,4,Perivascular-Like,0.007291840855032206,0.007291840855032206
2,4,Prolif_Invasive_Tumor,8.27410985948518e-06,8.27410985948518e-06
2,4,Stromal,0.10230589658021927,0.10230589658021927
2,4,Stromal_&_T_Cell_Hybrid,0.002289821393787861,0.002289821393787861
2,4,T_Cell_&_Tumor_Hybrid,0.0010533451568335295,0.0010533451568335295
2,4,Unlabeled,0.023425552994012833,0.023425552994012833
2,5,B_Cells,0.017041653394699097,0.017041653394699097
2,5,CD4+_T_Cells,0.02717200480401516,0.02717200480401516
2,5,CD8+_T_Cells,0.049219775944948196,0.049219775944948196
2,5,DCIS_1,0.002439801814034581,0.002439801814034581
2,5,DCIS_2,0.024183697998523712,0.024183697998523712
2,5,Endothelial,0.015382123179733753,0.015382123179733753
2,5,IRF7+_DCs,0.00010375075362389907,0.00010375075362389907
2,5,Invasive_Tumor,0.0018995314603671432,0.0018995314603671432
2,5,LAMP3+_DCs,0.00011607554188231006,0.00011607554188231006
2,5,Macrophages_1,0.09128531813621521,0.09128531813621521
2,5,Macrophages_2,9.803834836930037e-05,9.803834836930037e-05
2,5,Mast_Cells,0.0007399987080134451,0.0007399987080134451
2,5,Myoepi_ACTA2+,0.3273492157459259,0.3273492157459259
2,5,Myoepi_KRT15+,0.309844046831131,0.309844046831131
2,5,Perivascular-Like,0.0007335409754887223,0.0007335409754887223
2,5,Prolif_Invasive_Tumor,0.0,0.0
2,5,Stromal,0.12182731181383133,0.12182731181383133
2,5,Stromal_&_T_Cell_Hybrid,0.0017515015788376331,0.0017515015788376331
2,5,T_Cell_&_Tumor_Hybrid,0.0,0.0
2,5,Unlabeled,0.00881276372820139,0.00881276372820139
2,6,B_Cells,0.00636693648993969,0.00636693648993969
2,6,CD4+_T_Cells,0.0077351839281618595,0.0077351839281618595
2,6,CD8+_T_Cells,0.01655898056924343,0.01655898056924343
2,6,DCIS_1,0.008487487211823463,0.008487487211823463
2,6,DCIS_2,0.08173343539237976,0.08173343539237976
2,6,Endothelial,0.08983667939901352,0.08983667939901352
2,6,IRF7+_DCs,0.0005077439709566534,0.0005077439709566534
2,6,Invasive_Tumor,0.016148539260029793,0.016148539260029793
2,6,LAMP3+_DCs,0.0,0.0
2,6,Macrophages_1,0.07123810797929764,0.07123810797929764
2,6,Macrophages_2,0.0019619876984506845,0.0019619876984506845
2,6,Mast_Cells,0.0013310114154592156,0.0013310114154592156
2,6,Myoepi_ACTA2+,0.4237166941165924,0.4237166941165924
2,6,Myoepi_KRT15+,0.06363784521818161,0.06363784521818161
2,6,Perivascular-Like,0.013440009206533432,0.013440009206533432
2,6,Prolif_Invasive_Tumor,0.0008987512555904686,0.0008987512555904686
2,6,Stromal,0.17992375791072845,0.17992375791072845
2,6,Stromal_&_T_Cell_Hybrid,0.001961369998753071,0.001961369998753071
2,6,T_Cell_&_Tumor_Hybrid,0.0006146588711999357,0.0006146588711999357
2,6,Unlabeled,0.01390080526471138,0.01390080526471138
2,7,B_Cells,0.021335944533348083,0.021335944533348083
2,7,CD4+_T_Cells,0.02048390917479992,0.02048390917479992
2,7,CD8+_T_Cells,0.0301651731133461,0.0301651731133461
2,7,DCIS_1,0.002801645779982209,0.002801645779982209
2,7,DCIS_2,0.10035911947488785,0.10035911947488785
2,7,Endothelial,0.06586550176143646,0.06586550176143646
2,7,IRF7+_DCs,0.0,0.0
2,7,Invasive_Tumor,0.02990788035094738,0.02990788035094738
2,7,LAMP3+_DCs,0.00013846121146343648,0.00013846121146343648
2,7,Macrophages_1,0.09301427751779556,0.09301427751779556
2,7,Macrophages_2,0.03353220224380493,0.03353220224380493
2,7,Mast_Cells,0.004387672059237957,0.004387672059237957
2,7,Myoepi_ACTA2+,0.3457655608654022,0.3457655608654022
2,7,Myoepi_KRT15+,0.057458143681287766,0.057458143681287766
2,7,Perivascular-Like,0.010734040290117264,0.010734040290117264
2,7,Prolif_Invasive_Tumor,0.002398550044745207,0.002398550044745207
2,7,Stromal,0.1604270488023758,0.1604270488023758
2,7,Stromal_&_T_Cell_Hybrid,0.0018160727340728045,0.0018160727340728045
2,7,T_Cell_&_Tumor_Hybrid,0.00019230216275900602,0.00019230216275900602
2,7,Unlabeled,0.019216466695070267,0.019216466695070267
3,0,B_Cells,0.014992249198257923,0.014992249198257923
3,0,CD4+_T_Cells,0.029116610065102577,0.029116610065102577
3,0,CD8+_T_Cells,0.048908837139606476,0.048908837139606476
3,0,DCIS_1,0.0,0.0
3,0,DCIS_2,0.00239369785413146,0.00239369785413146
3,0,Endothelial,0.3378516435623169,0.3378516435623169
3,0,IRF7+_DCs,0.001430925796739757,0.001430925796739757
3,0,Invasive_Tumor,0.17971421778202057,0.17971421778202057
3,0,LAMP3+_DCs,0.0006255305488593876,0.0006255305488593876
3,0,Macrophages_1,0.09088435024023056,0.09088435024023056
3,0,Macrophages_2,0.0034278712701052427,0.0034278712701052427
3,0,Mast_Cells,0.001501937280409038,0.001501937280409038
3,0,Myoepi_ACTA2+,0.002370870904996991,0.002370870904996991
3,0,Myoepi_KRT15+,0.0,0.0
3,0,Perivascular-Like,0.019543493166565895,0.019543493166565895
3,0,Prolif_Invasive_Tumor,0.03487328812479973,0.03487328812479973
3,0,Stromal,0.17593465745449066,0.17593465745449066
3,0,Stromal_&_T_Cell_Hybrid,0.0030004859436303377,0.0030004859436303377
3,0,T_Cell_&_Tumor_Hybrid,0.017890285700559616,0.017890285700559616
3,0,Unlabeled,0.03553927317261696,0.03553927317261696
3,1,B_Cells,0.012776107527315617,0.012776107527315617
3,1,CD4+_T_Cells,0.011992037296295166,0.011992037296295166
3,1,CD8+_T_Cells,0.014423694461584091,0.014423694461584091
3,1,DCIS_1,0.13064159452915192,0.13064159452915192
3,1,DCIS_2,0.026928750798106194,0.026928750798106194
3,1,Endothelial,0.2898625135421753,0.2898625135421753
3,1,IRF7+_DCs,0.0,0.0
3,1,Invasive_Tumor,0.003632304957136512,0.003632304957136512
3,1,LAMP3+_DCs,0.0,0.0
3,1,Macrophages_1,0.09478700906038284,0.09478700906038284
3,1,Macrophages_2,0.014976716600358486,0.014976716600358486
3,1,Mast_Cells,0.0,0.0
3,1,Myoepi_ACTA2+,0.09806380420923233,0.09806380420923233
3,1,Myoepi_KRT15+,0.008663097396492958,0.008663097396492958
3,1,Perivascular-Like,0.036006100475788116,0.036006100475788116
3,1,Prolif_Invasive_Tumor,0.0,0.0
3,1,Stromal,0.19717325270175934,0.19717325270175934
3,1,Stromal_&_T_Cell_Hybrid,0.0,0.0
3,1,T_Cell_&_Tumor_Hybrid,0.0,0.0
3,1,Unlabeled,0.06007305160164833,0.06007305160164833
3,2,B_Cells,0.012116808444261551,0.012116808444261551
3,2,CD4+_T_Cells,0.02292649634182453,0.02292649634182453
3,2,CD8+_T_Cells,0.044797174632549286,0.044797174632549286
3,2,DCIS_1,0.0027621190529316664,0.0027621190529316664
3,2,DCIS_2,0.09149826318025589,0.09149826318025589
3,2,Endothelial,0.3103121519088745,0.3103121519088745
3,2,IRF7+_DCs,0.0005065389559604228,0.0005065389559604228
3,2,Invasive_Tumor,0.008992266841232777,0.008992266841232777
3,2,LAMP3+_DCs,0.0009768552845343947,0.0009768552845343947
3,2,Macrophages_1,0.10657817870378494,0.10657817870378494
3,2,Macrophages_2,0.0025848480872809887,0.0025848480872809887
3,2,Mast_Cells,0.00493714539334178,0.00493714539334178
3,2,Myoepi_ACTA2+,0.15914620459079742,0.15914620459079742
3,2,Myoepi_KRT15+,0.0006989525863900781,0.0006989525863900781
3,2,Perivascular-Like,0.021368345245718956,0.021368345245718956
3,2,Prolif_Invasive_Tumor,0.00040484455530531704,0.00040484455530531704
3,2,Stromal,0.17800049483776093,0.17800049483776093
3,2,Stromal_&_T_Cell_Hybrid,0.0037923427298665047,0.0037923427298665047
3,2,T_Cell_&_Tumor_Hybrid,0.0014522065175697207,0.0014522065175697207
3,2,Unlabeled,0.026147890836000443,0.026147890836000443
3,3,B_Cells,0.04879196360707283,0.04879196360707283
3,3,CD4+_T_Cells,0.07312379032373428,0.07312379032373428
3,3,CD8+_T_Cells,0.047588858753442764,0.047588858753442764
3,3,DCIS_1,0.0008804490207694471,0.0008804490207694471
3,3,DCIS_2,0.0008645913912914693,0.0008645913912914693
3,3,Endothelial,0.35434678196907043,0.35434678196907043
3,3,IRF7+_DCs,0.02344793826341629,0.02344793826341629
3,3,Invasive_Tumor,0.01574808359146118,0.01574808359146118
3,3,LAMP3+_DCs,0.0033391534816473722,0.0033391534816473722
3,3,Macrophages_1,0.09529714286327362,0.09529714286327362
3,3,Macrophages_2,0.015819886699318886,0.015819886699318886
3,3,Mast_Cells,0.0006429426721297204,0.0006429426721297204
3,3,Myoepi_ACTA2+,0.00743109779432416,0.00743109779432416
3,3,Myoepi_KRT15+,0.0,0.0
3,3,Perivascular-Like,0.035398244857788086,0.035398244857788086
3,3,Prolif_Invasive_Tumor,0.00016253248031716794,0.00016253248031716794
3,3,Stromal,0.2018355429172516,0.2018355429172516
3,3,Stromal_&_T_Cell_Hybrid,0.00336343701928854,0.00336343701928854
3,3,T_Cell_&_Tumor_Hybrid,0.0030090780928730965,0.0030090780928730965
3,3,Unlabeled,0.06890857964754105,0.06890857964754105
3,4,B_Cells,0.039382632821798325,0.039382632821798325
3,4,CD4+_T_Cells,0.02469238080084324,0.02469238080084324
3,4,CD8+_T_Cells,0.048487406224012375,0.048487406224012375
3,4,DCIS_1,0.1217828243970871,0.1217828243970871
3,4,DCIS_2,0.0009878161363303661,0.0009878161363303661
3,4,Endothelial,0.30474722385406494,0.30474722385406494
3,4,IRF7+_DCs,0.004067834932357073,0.004067834932357073
3,4,Invasive_Tumor,0.0007930700085125864,0.0007930700085125864
3,4,LAMP3+_DCs,0.0009383044671267271,0.0009383044671267271
3,4,Macrophages_1,0.0826430395245552,0.0826430395245552
3,4,Macrophages_2,0.013356780633330345,0.013356780633330345
3,4,Mast_Cells,0.0,0.0
3,4,Myoepi_ACTA2+,0.10091429203748703,0.10091429203748703
3,4,Myoepi_KRT15+,0.002415967406705022,0.002415967406705022
3,4,Perivascular-Like,0.022752834483981133,0.022752834483981133
3,4,Prolif_Invasive_Tumor,0.0,0.0
3,4,Stromal,0.20647171139717102,0.20647171139717102
3,4,Stromal_&_T_Cell_Hybrid,0.002479230985045433,0.002479230985045433
3,4,T_Cell_&_Tumor_Hybrid,0.0,0.0
3,4,Unlabeled,0.023086657747626305,0.023086657747626305
3,5,B_Cells,0.0490340031683445,0.0490340031683445
3,5,CD4+_T_Cells,0.11478936672210693,0.11478936672210693
3,5,CD8+_T_Cells,0.08046641945838928,0.08046641945838928
3,5,DCIS_1,0.00045804036199115217,0.00045804036199115217
3,5,DCIS_2,0.001765179680660367,0.001765179680660367
3,5,Endothelial,0.3311668932437897,0.3311668932437897
3,5,IRF7+_DCs,0.0019575785845518112,0.0019575785845518112
3,5,Invasive_Tumor,0.020582828670740128,0.020582828670740128
3,5,LAMP3+_DCs,0.0010420194594189525,0.0010420194594189525
3,5,Macrophages_1,0.11875031888484955,0.11875031888484955
3,5,Macrophages_2,0.008019223809242249,0.008019223809242249
3,5,Mast_Cells,0.0011098819086328149,0.0011098819086328149
3,5,Myoepi_ACTA2+,0.008153459057211876,0.008153459057211876
3,5,Myoepi_KRT15+,0.0,0.0
3,5,Perivascular-Like,0.028361191973090172,0.028361191973090172
3,5,Prolif_Invasive_Tumor,0.0007173182093538344,0.0007173182093538344
3,5,Stromal,0.16710986196994781,0.16710986196994781
3,5,Stromal_&_T_Cell_Hybrid,0.01039991993457079,0.01039991993457079
3,5,T_Cell_&_Tumor_Hybrid,0.0034968280233442783,0.0034968280233442783
3,5,Unlabeled,0.05261926352977753,0.05261926352977753
3,6,B_Cells,0.018282363191246986,0.018282363191246986
3,6,CD4+_T_Cells,0.03686070442199707,0.03686070442199707
3,6,CD8+_T_Cells,0.02585495077073574,0.02585495077073574
3,6,DCIS_1,0.0008074421784840524,0.0008074421784840524
3,6,DCIS_2,0.0020542701240628958,0.0020542701240628958
3,6,Endothelial,0.4393570125102997,0.4393570125102997
3,6,IRF7+_DCs,0.0014864872209727764,0.0014864872209727764
3,6,Invasive_Tumor,0.037872470915317535,0.037872470915317535
3,6,LAMP3+_DCs,0.00048511161003261805,0.00048511161003261805
3,6,Macrophages_1,0.07063910365104675,0.07063910365104675
3,6,Macrophages_2,0.011323642916977406,0.011323642916977406
3,6,Mast_Cells,0.0013056673342362046,0.0013056673342362046
3,6,Myoepi_ACTA2+,0.008951024152338505,0.008951024152338505
3,6,Myoepi_KRT15+,0.0002664544736035168,0.0002664544736035168
3,6,Perivascular-Like,0.06393089890480042,0.06393089890480042
3,6,Prolif_Invasive_Tumor,0.002560841152444482,0.002560841152444482
3,6,Stromal,0.23686100542545319,0.23686100542545319
3,6,Stromal_&_T_Cell_Hybrid,0.0033492983784526587,0.0033492983784526587
3,6,T_Cell_&_Tumor_Hybrid,0.002072408562526107,0.002072408562526107
3,6,Unlabeled,0.035679105669260025,0.035679105669260025
3,7,B_Cells,0.0386907234787941,0.0386907234787941
3,7,CD4+_T_Cells,0.060422059148550034,0.060422059148550034
3,7,CD8+_T_Cells,0.05564935505390167,0.05564935505390167
3,7,DCIS_1,0.0012392953503876925,0.0012392953503876925
3,7,DCIS_2,0.00033561603049747646,0.00033561603049747646
3,7,Endothelial,0.3858800530433655,0.3858800530433655
3,7,IRF7+_DCs,0.004172387532889843,0.004172387532889843
3,7,Invasive_Tumor,0.010418753139674664,0.010418753139674664
3,7,LAMP3+_DCs,0.0011613421374931931,0.0011613421374931931
3,7,Macrophages_1,0.09664352238178253,0.09664352238178253
3,7,Macrophages_2,0.05778973549604416,0.05778973549604416
3,7,Mast_Cells,0.0021902271546423435,0.0021902271546423435
3,7,Myoepi_ACTA2+,0.004059271886944771,0.004059271886944771
3,7,Myoepi_KRT15+,0.0,0.0
3,7,Perivascular-Like,0.02409895323216915,0.02409895323216915
3,7,Prolif_Invasive_Tumor,0.0007965158438310027,0.0007965158438310027
3,7,Stromal,0.20880761742591858,0.20880761742591858
3,7,Stromal_&_T_Cell_Hybrid,0.004379903431981802,0.004379903431981802
3,7,T_Cell_&_Tumor_Hybrid,0.001521129859611392,0.001521129859611392
3,7,Unlabeled,0.041743502020835876,0.041743502020835876
4,0,B_Cells,0.0,0.0
4,0,CD4+_T_Cells,0.05148858577013016,0.05148858577013016
4,0,CD8+_T_Cells,0.030700676143169403,0.030700676143169403
4,0,DCIS_1,0.49132823944091797,0.49132823944091797
4,0,DCIS_2,0.0,0.0
4,0,Endothelial,0.01716192439198494,0.01716192439198494
4,0,IRF7+_DCs,0.0,0.0
4,0,Invasive_Tumor,0.03407574072480202,0.03407574072480202
4,0,LAMP3+_DCs,0.0,0.0
4,0,Macrophages_1,0.009488293901085854,0.009488293901085854
4,0,Macrophages_2,0.0,0.0
4,0,Mast_Cells,0.0,0.0
4,0,Myoepi_ACTA2+,0.08244826644659042,0.08244826644659042
4,0,Myoepi_KRT15+,0.052617162466049194,0.052617162466049194
4,0,Perivascular-Like,0.0,0.0
4,0,Prolif_Invasive_Tumor,0.03430761769413948,0.03430761769413948
4,0,Stromal,0.1963834911584854,0.1963834911584854
4,0,Stromal_&_T_Cell_Hybrid,0.0,0.0
4,0,T_Cell_&_Tumor_Hybrid,0.0,0.0
4,0,Unlabeled,0.0,0.0
4,1,B_Cells,0.0006986982771195471,0.0006986982771195471
4,1,CD4+_T_Cells,0.0009248501737602055,0.0009248501737602055
4,1,CD8+_T_Cells,0.006626964081078768,0.006626964081078768
4,1,DCIS_1,0.693335771560669,0.693335771560669
4,1,DCIS_2,0.07930683344602585,0.07930683344602585
4,1,Endothelial,0.005963993724435568,0.005963993724435568
4,1,IRF7+_DCs,2.6018713469966315e-05,2.6018713469966315e-05
4,1,Invasive_Tumor,0.024753320962190628,0.024753320962190628
4,1,LAMP3+_DCs,3.606149402912706e-05,3.606149402912706e-05
4,1,Macrophages_1,0.03186351805925369,0.03186351805925369
4,1,Macrophages_2,0.0003039151488337666,0.0003039151488337666
4,1,Mast_Cells,5.011521807318786e-06,5.011521807318786e-06
4,1,Myoepi_ACTA2+,0.03946779668331146,0.03946779668331146
4,1,Myoepi_KRT15+,0.08245660364627838,0.08245660364627838
4,1,Perivascular-Like,0.0003383781877346337,0.0003383781877346337
4,1,Prolif_Invasive_Tumor,0.00025793182430788875,0.00025793182430788875
4,1,Stromal,0.017146829515695572,0.017146829515695572
4,1,Stromal_&_T_Cell_Hybrid,0.0001686571486061439,0.0001686571486061439
4,1,T_Cell_&_Tumor_Hybrid,0.0009440526482649148,0.0009440526482649148
4,1,Unlabeled,0.015373680740594864,0.015373680740594864
4,2,B_Cells,0.0010421104962006211,0.0010421104962006211
4,2,CD4+_T_Cells,0.0009839287959039211,0.0009839287959039211
4,2,CD8+_T_Cells,0.00816269125789404,0.00816269125789404
4,2,DCIS_1,0.5120548605918884,0.5120548605918884
4,2,DCIS_2,0.09435167163610458,0.09435167163610458
4,2,Endothelial,0.0354427844285965,0.0354427844285965
4,2,IRF7+_DCs,0.0019000538159161806,0.0019000538159161806
4,2,Invasive_Tumor,0.011003280989825726,0.011003280989825726
4,2,LAMP3+_DCs,0.0,0.0
4,2,Macrophages_1,0.03929799795150757,0.03929799795150757
4,2,Macrophages_2,0.0022588158026337624,0.0022588158026337624
4,2,Mast_Cells,9.134136780630797e-05,9.134136780630797e-05
4,2,Myoepi_ACTA2+,0.1457773745059967,0.1457773745059967
4,2,Myoepi_KRT15+,0.028973286971449852,0.028973286971449852
4,2,Perivascular-Like,0.00018082064343616366,0.00018082064343616366
4,2,Prolif_Invasive_Tumor,0.0,0.0
4,2,Stromal,0.1011415347456932,0.1011415347456932
4,2,Stromal_&_T_Cell_Hybrid,0.0005109502235427499,0.0005109502235427499
4,2,T_Cell_&_Tumor_Hybrid,0.0,0.0
4,2,Unlabeled,0.016826476901769638,0.016826476901769638
4,3,B_Cells,0.03713250905275345,0.03713250905275345
4,3,CD4+_T_Cells,0.05889608711004257,0.05889608711004257
4,3,CD8+_T_Cells,0.04833684861660004,0.04833684861660004
4,3,DCIS_1,0.3069634437561035,0.3069634437561035
4,3,DCIS_2,0.0,0.0
4,3,Endothelial,0.01722099632024765,0.01722099632024765
4,3,IRF7+_DCs,0.01590321585536003,0.01590321585536003
4,3,Invasive_Tumor,0.0,0.0
4,3,LAMP3+_DCs,0.0,0.0
4,3,Macrophages_1,0.03686794266104698,0.03686794266104698
4,3,Macrophages_2,0.00871049053966999,0.00871049053966999
4,3,Mast_Cells,0.0,0.0
4,3,Myoepi_ACTA2+,0.08649719506502151,0.08649719506502151
4,3,Myoepi_KRT15+,0.0,0.0
4,3,Perivascular-Like,0.0,0.0
4,3,Prolif_Invasive_Tumor,0.0,0.0
4,3,Stromal,0.28674572706222534,0.28674572706222534
4,3,Stromal_&_T_Cell_Hybrid,0.010864070616662502,0.010864070616662502
4,3,T_Cell_&_Tumor_Hybrid,0.0,0.0
4,3,Unlabeled,0.085861437022686,0.085861437022686
4,4,B_Cells,0.0034529147669672966,0.0034529147669672966
4,4,CD4+_T_Cells,0.002897552214562893,0.002897552214562893
4,4,CD8+_T_Cells,0.02020840533077717,0.02020840533077717
4,4,DCIS_1,0.5950117111206055,0.5950117111206055
4,4,DCIS_2,0.012135135941207409,0.012135135941207409
4,4,Endothelial,0.031575433909893036,0.031575433909893036
4,4,IRF7+_DCs,0.00011332547728670761,0.00011332547728670761
4,4,Invasive_Tumor,0.009757742285728455,0.009757742285728455
4,4,LAMP3+_DCs,0.0001404942449880764,0.0001404942449880764
4,4,Macrophages_1,0.041392602026462555,0.041392602026462555
4,4,Macrophages_2,0.0018279942451044917,0.0018279942451044917
4,4,Mast_Cells,0.00021848893084097654,0.00021848893084097654
4,4,Myoepi_ACTA2+,0.11938705295324326,0.11938705295324326
4,4,Myoepi_KRT15+,0.0640336126089096,0.0640336126089096
4,4,Perivascular-Like,0.0012829666957259178,0.0012829666957259178
4,4,Prolif_Invasive_Tumor,0.0004720655269920826,0.0004720655269920826
4,4,Stromal,0.08091196417808533,0.08091196417808533
4,4,Stromal_&_T_Cell_Hybrid,0.0015404707519337535,0.0015404707519337535
4,4,T_Cell_&_Tumor_Hybrid,0.0011118241818621755,0.0011118241818621755
4,4,Unlabeled,0.012528227642178535,0.012528227642178535
4,5,B_Cells,0.006603822112083435,0.006603822112083435
4,5,CD4+_T_Cells,0.04108421131968498,0.04108421131968498
4,5,CD8+_T_Cells,0.03460784628987312,0.03460784628987312
4,5,DCIS_1,0.36728769540786743,0.36728769540786743
4,5,DCIS_2,0.022110873833298683,0.022110873833298683
4,5,Endothelial,0.08793281018733978,0.08793281018733978
4,5,IRF7+_DCs,0.0,0.0
4,5,Invasive_Tumor,0.0,0.0
4,5,LAMP3+_DCs,0.0,0.0
4,5,Macrophages_1,0.044629186391830444,0.044629186391830444
4,5,Macrophages_2,0.006665288470685482,0.006665288470685482
4,5,Mast_Cells,0.0,0.0
4,5,Myoepi_ACTA2+,0.16703304648399353,0.16703304648399353
4,5,Myoepi_KRT15+,0.017712868750095367,0.017712868750095367
4,5,Perivascular-Like,0.0,0.0
4,5,Prolif_Invasive_Tumor,0.0,0.0
4,5,Stromal,0.18401315808296204,0.18401315808296204
4,5,Stromal_&_T_Cell_Hybrid,0.003503708867356181,0.003503708867356181
4,5,T_Cell_&_Tumor_Hybrid,0.0,0.0
4,5,Unlabeled,0.016815461218357086,0.016815461218357086
4,6,B_Cells,0.007140727713704109,0.007140727713704109
4,6,CD4+_T_Cells,0.002792699495330453,0.002792699495330453
4,6,CD8+_T_Cells,0.029483381658792496,0.029483381658792496
4,6,DCIS_1,0.43236809968948364,0.43236809968948364
4,6,DCIS_2,0.02221495285630226,0.02221495285630226
4,6,Endothelial,0.09558141231536865,0.09558141231536865
4,6,IRF7+_DCs,0.004595657344907522,0.004595657344907522
4,6,Invasive_Tumor,0.008912473917007446,0.008912473917007446
4,6,LAMP3+_DCs,0.004023399669677019,0.004023399669677019
4,6,Macrophages_1,0.07048381865024567,0.07048381865024567
4,6,Macrophages_2,0.0020562687423080206,0.0020562687423080206
4,6,Mast_Cells,0.0,0.0
4,6,Myoepi_ACTA2+,0.11736063659191132,0.11736063659191132
4,6,Myoepi_KRT15+,0.006135890726000071,0.006135890726000071
4,6,Perivascular-Like,0.005294713657349348,0.005294713657349348
4,6,Prolif_Invasive_Tumor,0.0,0.0
4,6,Stromal,0.17491547763347626,0.17491547763347626
4,6,Stromal_&_T_Cell_Hybrid,0.004036978352814913,0.004036978352814913
4,6,T_Cell_&_Tumor_Hybrid,0.0,0.0
4,6,Unlabeled,0.012603450566530228,0.012603450566530228
4,7,B_Cells,0.015113797970116138,0.015113797970116138
4,7,CD4+_T_Cells,0.03079606220126152,0.03079606220126152
4,7,CD8+_T_Cells,0.028716564178466797,0.028716564178466797
4,7,DCIS_1,0.3813354969024658,0.3813354969024658
4,7,DCIS_2,0.016287459060549736,0.016287459060549736
4,7,Endothelial,0.12058243155479431,0.12058243155479431
4,7,IRF7+_DCs,0.0,0.0
4,7,Invasive_Tumor,0.02291601523756981,0.02291601523756981
4,7,LAMP3+_DCs,0.0,0.0
4,7,Macrophages_1,0.07201530039310455,0.07201530039310455
4,7,Macrophages_2,0.043308526277542114,0.043308526277542114
4,7,Mast_Cells,0.0,0.0
4,7,Myoepi_ACTA2+,0.1086084172129631,0.1086084172129631
4,7,Myoepi_KRT15+,0.0,0.0
4,7,Perivascular-Like,0.0,0.0
4,7,Prolif_Invasive_Tumor,0.0,0.0
4,7,Stromal,0.09967327117919922,0.09967327117919922
4,7,Stromal_&_T_Cell_Hybrid,0.0007617525989189744,0.0007617525989189744
4,7,T_Cell_&_Tumor_Hybrid,0.0,0.0
4,7,Unlabeled,0.059884946793317795,0.059884946793317795
5,0,B_Cells,0.00016897160094231367,0.00016897160094231367
5,0,CD4+_T_Cells,0.002881236607208848,0.002881236607208848
5,0,CD8+_T_Cells,0.0053107948042452335,0.0053107948042452335
5,0,DCIS_1,0.0011250871466472745,0.0011250871466472745
5,0,DCIS_2,0.5397973656654358,0.5397973656654358
5,0,Endothelial,0.006159300450235605,0.006159300450235605
5,0,IRF7+_DCs,0.0,0.0
5,0,Invasive_Tumor,0.26149889826774597,0.26149889826774597
5,0,LAMP3+_DCs,0.0,0.0
5,0,Macrophages_1,0.03056076355278492,0.03056076355278492
5,0,Macrophages_2,2.6377565518487245e-05,2.6377565518487245e-05
5,0,Mast_Cells,8.061710832407698e-05,8.061710832407698e-05
5,0,Myoepi_ACTA2+,0.06556051224470139,0.06556051224470139
5,0,Myoepi_KRT15+,0.0009175045415759087,0.0009175045415759087
5,0,Perivascular-Like,0.00037069115205667913,0.00037069115205667913
5,0,Prolif_Invasive_Tumor,0.04456780105829239,0.04456780105829239
5,0,Stromal,0.013186645694077015,0.013186645694077015
5,0,Stromal_&_T_Cell_Hybrid,0.00017569513875059783,0.00017569513875059783
5,0,T_Cell_&_Tumor_Hybrid,0.0069217076525092125,0.0069217076525092125
5,0,Unlabeled,0.020689889788627625,0.020689889788627625
5,1,B_Cells,0.00024125215713866055,0.00024125215713866055
5,1,CD4+_T_Cells,0.0026696829590946436,0.0026696829590946436
5,1,CD8+_T_Cells,0.003271469846367836,0.003271469846367836
5,1,DCIS_1,0.0604066327214241,0.0604066327214241
5,1,DCIS_2,0.60964435338974,0.60964435338974
5,1,Endothelial,0.002313925651833415,0.002313925651833415
5,1,IRF7+_DCs,0.0,0.0
5,1,Invasive_Tumor,0.13419996201992035,0.13419996201992035
5,1,LAMP3+_DCs,0.0,0.0
5,1,Macrophages_1,0.029680367559194565,0.029680367559194565
5,1,Macrophages_2,1.9475426597637124e-05,1.9475426597637124e-05
5,1,Mast_Cells,0.0,0.0
5,1,Myoepi_ACTA2+,0.03600378707051277,0.03600378707051277
5,1,Myoepi_KRT15+,0.012698272243142128,0.012698272243142128
5,1,Perivascular-Like,7.085960533004254e-05,7.085960533004254e-05
5,1,Prolif_Invasive_Tumor,0.0004888384137302637,0.0004888384137302637
5,1,Stromal,0.013960185460746288,0.013960185460746288
5,1,Stromal_&_T_Cell_Hybrid,0.0001451723655918613,0.0001451723655918613
5,1,T_Cell_&_Tumor_Hybrid,0.0015056794509291649,0.0015056794509291649
5,1,Unlabeled,0.09267991781234741,0.09267991781234741
5,2,B_Cells,0.001075585256330669,0.001075585256330669
5,2,CD4+_T_Cells,0.004218704998493195,0.004218704998493195
5,2,CD8+_T_Cells,0.010648985393345356,0.010648985393345356
5,2,DCIS_1,0.0037367732729762793,0.0037367732729762793
5,2,DCIS_2,0.6522844433784485,0.6522844433784485
5,2,Endothelial,0.012989657931029797,0.012989657931029797
5,2,IRF7+_DCs,0.000160577503265813,0.000160577503265813
5,2,Invasive_Tumor,0.07958506792783737,0.07958506792783737
5,2,LAMP3+_DCs,9.992414561565965e-06,9.992414561565965e-06
5,2,Macrophages_1,0.029648445546627045,0.029648445546627045
5,2,Macrophages_2,0.0003890666412189603,0.0003890666412189603
5,2,Mast_Cells,0.00022641607210971415,0.00022641607210971415
5,2,Myoepi_ACTA2+,0.11326920241117477,0.11326920241117477
5,2,Myoepi_KRT15+,0.021021537482738495,0.021021537482738495
5,2,Perivascular-Like,0.00073353381594643,0.00073353381594643
5,2,Prolif_Invasive_Tumor,0.0017655063420534134,0.0017655063420534134
5,2,Stromal,0.0415886752307415,0.0415886752307415
5,2,Stromal_&_T_Cell_Hybrid,0.0006115399883128703,0.0006115399883128703
5,2,T_Cell_&_Tumor_Hybrid,0.0014645372284576297,0.0014645372284576297
5,2,Unlabeled,0.02457236312329769,0.02457236312329769
5,3,B_Cells,0.0,0.0
5,3,CD4+_T_Cells,0.0,0.0
5,3,CD8+_T_Cells,0.00909202080219984,0.00909202080219984
5,3,DCIS_1,0.019420869648456573,0.019420869648456573
5,3,DCIS_2,0.288227379322052,0.288227379322052
5,3,Endothelial,0.05582612752914429,0.05582612752914429
5,3,IRF7+_DCs,0.0,0.0
5,3,Invasive_Tumor,0.17655092477798462,0.17655092477798462
5,3,LAMP3+_DCs,0.0,0.0
5,3,Macrophages_1,0.22261230647563934,0.22261230647563934
5,3,Macrophages_2,0.0,0.0
5,3,Mast_Cells,0.0,0.0
5,3,Myoepi_ACTA2+,0.07839103043079376,0.07839103043079376
5,3,Myoepi_KRT15+,0.0,0.0
5,3,Perivascular-Like,0.0,0.0
5,3,Prolif_Invasive_Tumor,0.0,0.0
5,3,Stromal,0.07506540417671204,0.07506540417671204
5,3,Stromal_&_T_Cell_Hybrid,0.0,0.0
5,3,T_Cell_&_Tumor_Hybrid,0.0,0.0
5,3,Unlabeled,0.07481388002634048,0.07481388002634048
5,4,B_Cells,0.0,0.0
5,4,CD4+_T_Cells,0.0011738177854567766,0.0011738177854567766
5,4,CD8+_T_Cells,0.008918505162000656,0.008918505162000656
5,4,DCIS_1,0.1349506676197052,0.1349506676197052
5,4,DCIS_2,0.460032194852829,0.460032194852829
5,4,Endothelial,0.03035031072795391,0.03035031072795391
5,4,IRF7+_DCs,0.0,0.0
5,4,Invasive_Tumor,0.01536443829536438,0.01536443829536438
5,4,LAMP3+_DCs,0.0,0.0
5,4,Macrophages_1,0.04304463416337967,0.04304463416337967
5,4,Macrophages_2,0.0,0.0
5,4,Mast_Cells,0.0,0.0
5,4,Myoepi_ACTA2+,0.1784345507621765,0.1784345507621765
5,4,Myoepi_KRT15+,0.006686186417937279,0.006686186417937279
5,4,Perivascular-Like,0.003340595867484808,0.003340595867484808
5,4,Prolif_Invasive_Tumor,0.0,0.0
5,4,Stromal,0.09977082908153534,0.09977082908153534
5,4,Stromal_&_T_Cell_Hybrid,0.0,0.0
5,4,T_Cell_&_Tumor_Hybrid,0.0,0.0
5,4,Unlabeled,0.017933329567313194,0.017933329567313194
5,5,B_Cells,0.021064581349492073,0.021064581349492073
5,5,CD4+_T_Cells,0.07307728379964828,0.07307728379964828
5,5,CD8+_T_Cells,0.07077673822641373,0.07077673822641373
5,5,DCIS_1,0.0008181161247193813,0.0008181161247193813
5,5,DCIS_2,0.34175896644592285,0.34175896644592285
5,5,Endothelial,0.017224732786417007,0.017224732786417007
5,5,IRF7+_DCs,0.0004250069905538112,0.0004250069905538112
5,5,Invasive_Tumor,0.05139591172337532,0.05139591172337532
5,5,LAMP3+_DCs,0.0,0.0
5,5,Macrophages_1,0.09250287711620331,0.09250287711620331
5,5,Macrophages_2,0.0005268125096336007,0.0005268125096336007
5,5,Mast_Cells,0.0,0.0
5,5,Myoepi_ACTA2+,0.11675193905830383,0.11675193905830383
5,5,Myoepi_KRT15+,0.00458188820630312,0.00458188820630312
5,5,Perivascular-Like,0.003936261869966984,0.003936261869966984
5,5,Prolif_Invasive_Tumor,0.0,0.0
5,5,Stromal,0.11975931376218796,0.11975931376218796
5,5,Stromal_&_T_Cell_Hybrid,0.014365878887474537,0.014365878887474537
5,5,T_Cell_&_Tumor_Hybrid,0.0,0.0
5,5,Unlabeled,0.07103367894887924,0.07103367894887924
5,6,B_Cells,0.001401681685820222,0.001401681685820222
5,6,CD4+_T_Cells,0.003203971078619361,0.003203971078619361
5,6,CD8+_T_Cells,0.008263643831014633,0.008263643831014633
5,6,DCIS_1,0.002684182021766901,0.002684182021766901
5,6,DCIS_2,0.43071213364601135,0.43071213364601135
5,6,Endothelial,0.07654526829719543,0.07654526829719543
5,6,IRF7+_DCs,0.0,0.0
5,6,Invasive_Tumor,0.05379846692085266,0.05379846692085266
5,6,LAMP3+_DCs,0.0,0.0
5,6,Macrophages_1,0.031148875132203102,0.031148875132203102
5,6,Macrophages_2,0.0006192685104906559,0.0006192685104906559
5,6,Mast_Cells,0.0,0.0
5,6,Myoepi_ACTA2+,0.250546395778656,0.250546395778656
5,6,Myoepi_KRT15+,0.0026815752498805523,0.0026815752498805523
5,6,Perivascular-Like,0.0050410320982337,0.0050410320982337
5,6,Prolif_Invasive_Tumor,0.0035679007414728403,0.0035679007414728403
5,6,Stromal,0.10959659516811371,0.10959659516811371
5,6,Stromal_&_T_Cell_Hybrid,0.0008739252225495875,0.0008739252225495875
5,6,T_Cell_&_Tumor_Hybrid,0.0006776814698241651,0.0006776814698241651
5,6,Unlabeled,0.018637454137206078,0.018637454137206078
5,7,B_Cells,0.031379010528326035,0.031379010528326035
5,7,CD4+_T_Cells,0.055406082421541214,0.055406082421541214
5,7,CD8+_T_Cells,0.040546879172325134,0.040546879172325134
5,7,DCIS_1,0.0,0.0
5,7,DCIS_2,0.3368341624736786,0.3368341624736786
5,7,Endothelial,0.046380627900362015,0.046380627900362015
5,7,IRF7+_DCs,0.0,0.0
5,7,Invasive_Tumor,0.04822269454598427,0.04822269454598427
5,7,LAMP3+_DCs,2.916374114647624e-06,2.916374114647624e-06
5,7,Macrophages_1,0.06789685785770416,0.06789685785770416
5,7,Macrophages_2,0.03487075865268707,0.03487075865268707
5,7,Mast_Cells,0.0007359762093983591,0.0007359762093983591
5,7,Myoepi_ACTA2+,0.16270811855793,0.16270811855793
5,7,Myoepi_KRT15+,0.004520491696894169,0.004520491696894169
5,7,Perivascular-Like,0.01867828518152237,0.01867828518152237
5,7,Prolif_Invasive_Tumor,0.0011871174210682511,0.0011871174210682511
5,7,Stromal,0.13022756576538086,0.13022756576538086
5,7,Stromal_&_T_Cell_Hybrid,0.0033551265951246023,0.0033551265951246023
5,7,T_Cell_&_Tumor_Hybrid,0.0,0.0
5,7,Unlabeled,0.017047300934791565,0.017047300934791565
6,0,B_Cells,0.034775640815496445,0.034775640815496445
6,0,CD4+_T_Cells,0.16598409414291382,0.16598409414291382
6,0,CD8+_T_Cells,0.16296051442623138,0.16296051442623138
6,0,DCIS_1,0.00023143495491240174,0.00023143495491240174
6,0,DCIS_2,0.007192188873887062,0.007192188873887062
6,0,Endothelial,0.04829312860965729,0.04829312860965729
6,0,IRF7+_DCs,0.00348314899019897,0.00348314899019897
6,0,Invasive_Tumor,0.12244826555252075,0.12244826555252075
6,0,LAMP3+_DCs,0.002668690634891391,0.002668690634891391
6,0,Macrophages_1,0.24052122235298157,0.24052122235298157
6,0,Macrophages_2,0.002532595070078969,0.002532595070078969
6,0,Mast_Cells,0.0008398359641432762,0.0008398359641432762
6,0,Myoepi_ACTA2+,0.0020616985857486725,0.0020616985857486725
6,0,Myoepi_KRT15+,0.00022720723063685,0.00022720723063685
6,0,Perivascular-Like,0.0054544913582503796,0.0054544913582503796
6,0,Prolif_Invasive_Tumor,0.033041492104530334,0.033041492104530334
6,0,Stromal,0.08895011991262436,0.08895011991262436
6,0,Stromal_&_T_Cell_Hybrid,0.005345482844859362,0.005345482844859362
6,0,T_Cell_&_Tumor_Hybrid,0.02274809032678604,0.02274809032678604
6,0,Unlabeled,0.0502406507730484,0.0502406507730484
6,1,B_Cells,0.01058974675834179,0.01058974675834179
6,1,CD4+_T_Cells,0.025289131328463554,0.025289131328463554
6,1,CD8+_T_Cells,0.04875916615128517,0.04875916615128517
6,1,DCIS_1,0.07634193450212479,0.07634193450212479
6,1,DCIS_2,0.044473495334386826,0.044473495334386826
6,1,Endothelial,0.004772599320858717,0.004772599320858717
6,1,IRF7+_DCs,0.0,0.0
6,1,Invasive_Tumor,0.015806740149855614,0.015806740149855614
6,1,LAMP3+_DCs,0.0018046187469735742,0.0018046187469735742
6,1,Macrophages_1,0.5957841873168945,0.5957841873168945
6,1,Macrophages_2,0.000319646525895223,0.000319646525895223
6,1,Mast_Cells,0.0005549428751692176,0.0005549428751692176
6,1,Myoepi_ACTA2+,0.021843047812581062,0.021843047812581062
6,1,Myoepi_KRT15+,0.07218580693006516,0.07218580693006516
6,1,Perivascular-Like,0.0019583753310143948,0.0019583753310143948
6,1,Prolif_Invasive_Tumor,0.0,0.0
6,1,Stromal,0.030577147379517555,0.030577147379517555
6,1,Stromal_&_T_Cell_Hybrid,0.005017376504838467,0.005017376504838467
6,1,T_Cell_&_Tumor_Hybrid,0.0,0.0
6,1,Unlabeled,0.043921977281570435,0.043921977281570435
6,2,B_Cells,0.033077627420425415,0.033077627420425415
6,2,CD4+_T_Cells,0.16122061014175415,0.16122061014175415
6,2,CD8+_T_Cells,0.19123075902462006,0.19123075902462006
6,2,DCIS_1,0.0008994285017251968,0.0008994285017251968
6,2,DCIS_2,0.09522027522325516,0.09522027522325516
6,2,Endothelial,0.039877790957689285,0.039877790957689285
6,2,IRF7+_DCs,0.005484136287122965,0.005484136287122965
6,2,Invasive_Tumor,0.008424357511103153,0.008424357511103153
6,2,LAMP3+_DCs,0.00357401417568326,0.00357401417568326
6,2,Macrophages_1,0.23375104367733002,0.23375104367733002
6,2,Macrophages_2,0.0013044072547927499,0.0013044072547927499
6,2,Mast_Cells,0.0008881333051249385,0.0008881333051249385
6,2,Myoepi_ACTA2+,0.0781455710530281,0.0781455710530281
6,2,Myoepi_KRT15+,0.00945349596440792,0.00945349596440792
6,2,Perivascular-Like,0.007552629802376032,0.007552629802376032
6,2,Prolif_Invasive_Tumor,0.00026456304476596415,0.00026456304476596415
6,2,Stromal,0.09159952402114868,0.09159952402114868
6,2,Stromal_&_T_Cell_Hybrid,0.005402113776654005,0.005402113776654005
6,2,T_Cell_&_Tumor_Hybrid,0.0004226025193929672,0.0004226025193929672
6,2,Unlabeled,0.032206952571868896,0.032206952571868896
6,3,B_Cells,0.11552216112613678,0.11552216112613678
6,3,CD4+_T_Cells,0.30004510283470154,0.30004510283470154
6,3,CD8+_T_Cells,0.13315856456756592,0.13315856456756592
6,3,DCIS_1,0.00010986212873831391,0.00010986212873831391
6,3,DCIS_2,0.00022429990349337459,0.00022429990349337459
6,3,Endothelial,0.029271353036165237,0.029271353036165237
6,3,IRF7+_DCs,0.04561757668852806,0.04561757668852806
6,3,Invasive_Tumor,0.005353459622710943,0.005353459622710943
6,3,LAMP3+_DCs,0.009183435700833797,0.009183435700833797
6,3,Macrophages_1,0.13283196091651917,0.13283196091651917
6,3,Macrophages_2,0.014349366538226604,0.014349366538226604
6,3,Mast_Cells,0.0015853533986955881,0.0015853533986955881
6,3,Myoepi_ACTA2+,0.0005522536812350154,0.0005522536812350154
6,3,Myoepi_KRT15+,0.00015500778681598604,0.00015500778681598604
6,3,Perivascular-Like,0.005083525087684393,0.005083525087684393
6,3,Prolif_Invasive_Tumor,0.0001990630989894271,0.0001990630989894271
6,3,Stromal,0.12694399058818817,0.12694399058818817
6,3,Stromal_&_T_Cell_Hybrid,0.005776526872068644,0.005776526872068644
6,3,T_Cell_&_Tumor_Hybrid,0.0021918548736721277,0.0021918548736721277
6,3,Unlabeled,0.0718456506729126,0.0718456506729126
6,4,B_Cells,0.02299889549612999,0.02299889549612999
6,4,CD4+_T_Cells,0.06190510839223862,0.06190510839223862
6,4,CD8+_T_Cells,0.1672023981809616,0.1672023981809616
6,4,DCIS_1,0.08967695385217667,0.08967695385217667
6,4,DCIS_2,0.0022618649527430534,0.0022618649527430534
6,4,Endothelial,0.02404661476612091,0.02404661476612091
6,4,IRF7+_DCs,0.0,0.0
6,4,Invasive_Tumor,0.0021483127493411303,0.0021483127493411303
6,4,LAMP3+_DCs,0.0070970370434224606,0.0070970370434224606
6,4,Macrophages_1,0.3401957154273987,0.3401957154273987
6,4,Macrophages_2,0.004068273585289717,0.004068273585289717
6,4,Mast_Cells,0.0020297993905842304,0.0020297993905842304
6,4,Myoepi_ACTA2+,0.06817209720611572,0.06817209720611572
6,4,Myoepi_KRT15+,0.054466284811496735,0.054466284811496735
6,4,Perivascular-Like,0.0034605597611516714,0.0034605597611516714
6,4,Prolif_Invasive_Tumor,0.0,0.0
6,4,Stromal,0.09355456382036209,0.09355456382036209
6,4,Stromal_&_T_Cell_Hybrid,0.012622406706213951,0.012622406706213951
6,4,T_Cell_&_Tumor_Hybrid,0.0,0.0
6,4,Unlabeled,0.044093236327171326,0.044093236327171326
6,5,B_Cells,0.10439035296440125,0.10439035296440125
6,5,CD4+_T_Cells,0.3221663534641266,0.3221663534641266
6,5,CD8+_T_Cells,0.17236892879009247,0.17236892879009247
6,5,DCIS_1,0.00010675031808204949,0.00010675031808204949
6,5,DCIS_2,0.0013884049840271473,0.0013884049840271473
6,5,Endothelial,0.03886835649609566,0.03886835649609566
6,5,IRF7+_DCs,0.006986170541495085,0.006986170541495085
6,5,Invasive_Tumor,0.007225883658975363,0.007225883658975363
6,5,LAMP3+_DCs,0.012481657788157463,0.012481657788157463
6,5,Macrophages_1,0.14269399642944336,0.14269399642944336
6,5,Macrophages_2,0.005950959865003824,0.005950959865003824
6,5,Mast_Cells,0.0009054839611053467,0.0009054839611053467
6,5,Myoepi_ACTA2+,0.0030580961611121893,0.0030580961611121893
6,5,Myoepi_KRT15+,0.0008542215218767524,0.0008542215218767524
6,5,Perivascular-Like,0.007023136597126722,0.007023136597126722
6,5,Prolif_Invasive_Tumor,0.0003294486668892205,0.0003294486668892205
6,5,Stromal,0.11149293184280396,0.11149293184280396
6,5,Stromal_&_T_Cell_Hybrid,0.007536796387284994,0.007536796387284994
6,5,T_Cell_&_Tumor_Hybrid,0.0018858116818591952,0.0018858116818591952
6,5,Unlabeled,0.05228571593761444,0.05228571593761444
6,6,B_Cells,0.061988864094018936,0.061988864094018936
6,6,CD4+_T_Cells,0.34205344319343567,0.34205344319343567
6,6,CD8+_T_Cells,0.15970294177532196,0.15970294177532196
6,6,DCIS_1,6.508745718747377e-05,6.508745718747377e-05
6,6,DCIS_2,0.0008974584052339196,0.0008974584052339196
6,6,Endothelial,0.12630189955234528,0.12630189955234528
6,6,IRF7+_DCs,0.004407082684338093,0.004407082684338093
6,6,Invasive_Tumor,0.012086004950106144,0.012086004950106144
6,6,LAMP3+_DCs,0.014075454324483871,0.014075454324483871
6,6,Macrophages_1,0.11045703291893005,0.11045703291893005
6,6,Macrophages_2,0.006681404542177916,0.006681404542177916
6,6,Mast_Cells,0.0012308910954743624,0.0012308910954743624
6,6,Myoepi_ACTA2+,0.0027325956616550684,0.0027325956616550684
6,6,Myoepi_KRT15+,2.1244274250875606e-07,2.1244274250875606e-07
6,6,Perivascular-Like,0.018808234483003616,0.018808234483003616
6,6,Prolif_Invasive_Tumor,0.0009261735831387341,0.0009261735831387341
6,6,Stromal,0.08837577700614929,0.08837577700614929
6,6,Stromal_&_T_Cell_Hybrid,0.005661858711391687,0.005661858711391687
6,6,T_Cell_&_Tumor_Hybrid,0.002057714620605111,0.002057714620605111
6,6,Unlabeled,0.04149011895060539,0.04149011895060539
6,7,B_Cells,0.1243404969573021,0.1243404969573021
6,7,CD4+_T_Cells,0.24598000943660736,0.24598000943660736
6,7,CD8+_T_Cells,0.14316239953041077,0.14316239953041077
6,7,DCIS_1,8.96258934517391e-05,8.96258934517391e-05
6,7,DCIS_2,0.00115165114402771,0.00115165114402771
6,7,Endothelial,0.04714076966047287,0.04714076966047287
6,7,IRF7+_DCs,0.01089506782591343,0.01089506782591343
6,7,Invasive_Tumor,0.006574617233127356,0.006574617233127356
6,7,LAMP3+_DCs,0.007815983146429062,0.007815983146429062
6,7,Macrophages_1,0.15294384956359863,0.15294384956359863
6,7,Macrophages_2,0.05096246674656868,0.05096246674656868
6,7,Mast_Cells,0.0020038913935422897,0.0020038913935422897
6,7,Myoepi_ACTA2+,0.0016027698293328285,0.0016027698293328285
6,7,Myoepi_KRT15+,1.184810753329657e-05,1.184810753329657e-05
6,7,Perivascular-Like,0.006252443417906761,0.006252443417906761
6,7,Prolif_Invasive_Tumor,0.0007577589130960405,0.0007577589130960405
6,7,Stromal,0.13364727795124054,0.13364727795124054
6,7,Stromal_&_T_Cell_Hybrid,0.006578206550329924,0.006578206550329924
6,7,T_Cell_&_Tumor_Hybrid,0.002531361300498247,0.002531361300498247
6,7,Unlabeled,0.05555763095617294,0.05555763095617294
7,0,B_Cells,0.004645598120987415,0.004645598120987415
7,0,CD4+_T_Cells,0.008952360600233078,0.008952360600233078
7,0,CD8+_T_Cells,0.0030803182162344456,0.0030803182162344456
7,0,DCIS_1,0.0035398437175899744,0.0035398437175899744
7,0,DCIS_2,0.01585676334798336,0.01585676334798336
7,0,Endothelial,0.0009708615834824741,0.0009708615834824741
7,0,IRF7+_DCs,0.0003547767410054803,0.0003547767410054803
7,0,Invasive_Tumor,0.074879489839077,0.074879489839077
7,0,LAMP3+_DCs,0.0,0.0
7,0,Macrophages_1,0.020774733275175095,0.020774733275175095
7,0,Macrophages_2,0.0002694165159482509,0.0002694165159482509
7,0,Mast_Cells,0.0006892635719850659,0.0006892635719850659
7,0,Myoepi_ACTA2+,0.001852844376116991,0.001852844376116991
7,0,Myoepi_KRT15+,0.0011974492808803916,0.0011974492808803916
7,0,Perivascular-Like,0.0003813861985690892,0.0003813861985690892
7,0,Prolif_Invasive_Tumor,0.0002870415919460356,0.0002870415919460356
7,0,Stromal,0.013518589548766613,0.013518589548766613
7,0,Stromal_&_T_Cell_Hybrid,1.5313997892008047e-06,1.5313997892008047e-06
7,0,T_Cell_&_Tumor_Hybrid,0.0007609038148075342,0.0007609038148075342
7,0,Unlabeled,0.847987174987793,0.847987174987793
7,1,B_Cells,0.0024707766715437174,0.0024707766715437174
7,1,CD4+_T_Cells,0.004783149342983961,0.004783149342983961
7,1,CD8+_T_Cells,0.006892723962664604,0.006892723962664604
7,1,DCIS_1,0.058325354009866714,0.058325354009866714
7,1,DCIS_2,0.16963452100753784,0.16963452100753784
7,1,Endothelial,0.0027061200235038996,0.0027061200235038996
7,1,IRF7+_DCs,0.000891968491487205,0.000891968491487205
7,1,Invasive_Tumor,0.1540394276380539,0.1540394276380539
7,1,LAMP3+_DCs,0.0,0.0
7,1,Macrophages_1,0.043223269283771515,0.043223269283771515
7,1,Macrophages_2,5.2542221965268254e-05,5.2542221965268254e-05
7,1,Mast_Cells,0.0,0.0
7,1,Myoepi_ACTA2+,0.007264278829097748,0.007264278829097748
7,1,Myoepi_KRT15+,0.009293203242123127,0.009293203242123127
7,1,Perivascular-Like,0.00044272575178183615,0.00044272575178183615
7,1,Prolif_Invasive_Tumor,0.0,0.0
7,1,Stromal,0.017283059656620026,0.017283059656620026
7,1,Stromal_&_T_Cell_Hybrid,0.00010558943904470652,0.00010558943904470652
7,1,T_Cell_&_Tumor_Hybrid,0.0012298293877393007,0.0012298293877393007
7,1,Unlabeled,0.5213614106178284,0.5213614106178284
7,2,B_Cells,0.0046604471281170845,0.0046604471281170845
7,2,CD4+_T_Cells,0.013376688584685326,0.013376688584685326
7,2,CD8+_T_Cells,0.007480978034436703,0.007480978034436703
7,2,DCIS_1,0.011734100989997387,0.011734100989997387
7,2,DCIS_2,0.17978204786777496,0.17978204786777496
7,2,Endothelial,0.0038043938111513853,0.0038043938111513853
7,2,IRF7+_DCs,0.0007456022431142628,0.0007456022431142628
7,2,Invasive_Tumor,0.14348086714744568,0.14348086714744568
7,2,LAMP3+_DCs,7.763323083054274e-05,7.763323083054274e-05
7,2,Macrophages_1,0.06491158902645111,0.06491158902645111
7,2,Macrophages_2,7.480401109205559e-05,7.480401109205559e-05
7,2,Mast_Cells,0.00024357112124562263,0.00024357112124562263
7,2,Myoepi_ACTA2+,0.014385535381734371,0.014385535381734371
7,2,Myoepi_KRT15+,0.004778854548931122,0.004778854548931122
7,2,Perivascular-Like,0.00016666324518155307,0.00016666324518155307
7,2,Prolif_Invasive_Tumor,3.0084478567005135e-05,3.0084478567005135e-05
7,2,Stromal,0.02650836668908596,0.02650836668908596
7,2,Stromal_&_T_Cell_Hybrid,0.0011391701409593225,0.0011391701409593225
7,2,T_Cell_&_Tumor_Hybrid,0.000621859566308558,0.000621859566308558
7,2,Unlabeled,0.5219966769218445,0.5219966769218445
7,3,B_Cells,0.032026614993810654,0.032026614993810654
7,3,CD4+_T_Cells,0.0380353182554245,0.0380353182554245
7,3,CD8+_T_Cells,0.025287052616477013,0.025287052616477013
7,3,DCIS_1,0.0016333615640178323,0.0016333615640178323
7,3,DCIS_2,0.007855026982724667,0.007855026982724667
7,3,Endothelial,0.0066812122240662575,0.0066812122240662575
7,3,IRF7+_DCs,0.007284155581146479,0.007284155581146479
7,3,Invasive_Tumor,0.01986602507531643,0.01986602507531643
7,3,LAMP3+_DCs,0.004141128156334162,0.004141128156334162
7,3,Macrophages_1,0.056037988513708115,0.056037988513708115
7,3,Macrophages_2,0.01684807613492012,0.01684807613492012
7,3,Mast_Cells,2.014797973970417e-05,2.014797973970417e-05
7,3,Myoepi_ACTA2+,0.001757774269208312,0.001757774269208312
7,3,Myoepi_KRT15+,0.0,0.0
7,3,Perivascular-Like,0.0009710199083201587,0.0009710199083201587
7,3,Prolif_Invasive_Tumor,0.0006617999169975519,0.0006617999169975519
7,3,Stromal,0.18153202533721924,0.18153202533721924
7,3,Stromal_&_T_Cell_Hybrid,0.0008889964665286243,0.0008889964665286243
7,3,T_Cell_&_Tumor_Hybrid,0.01412896066904068,0.01412896066904068
7,3,Unlabeled,0.5843432545661926,0.5843432545661926
7,4,B_Cells,0.0003020737785845995,0.0003020737785845995
7,4,CD4+_T_Cells,0.011584054678678513,0.011584054678678513
7,4,CD8+_T_Cells,0.006648205686360598,0.006648205686360598
7,4,DCIS_1,0.07141654938459396,0.07141654938459396
7,4,DCIS_2,0.04543159529566765,0.04543159529566765
7,4,Endothelial,0.006749308668076992,0.006749308668076992
7,4,IRF7+_DCs,0.000586644047871232,0.000586644047871232
7,4,Invasive_Tumor,0.10738790035247803,0.10738790035247803
7,4,LAMP3+_DCs,0.0,0.0
7,4,Macrophages_1,0.06435613334178925,0.06435613334178925
7,4,Macrophages_2,0.00034439904266037047,0.00034439904266037047
7,4,Mast_Cells,0.0,0.0
7,4,Myoepi_ACTA2+,0.009269492700695992,0.009269492700695992
7,4,Myoepi_KRT15+,0.006809455808252096,0.006809455808252096
7,4,Perivascular-Like,0.0029007738921791315,0.0029007738921791315
7,4,Prolif_Invasive_Tumor,0.0,0.0
7,4,Stromal,0.05504358932375908,0.05504358932375908
7,4,Stromal_&_T_Cell_Hybrid,0.0004109360452275723,0.0004109360452275723
7,4,T_Cell_&_Tumor_Hybrid,3.449390351306647e-05,3.449390351306647e-05
7,4,Unlabeled,0.6107243299484253,0.6107243299484253
7,5,B_Cells,0.03724650666117668,0.03724650666117668
7,5,CD4+_T_Cells,0.11626868695020676,0.11626868695020676
7,5,CD8+_T_Cells,0.04880976676940918,0.04880976676940918
7,5,DCIS_1,0.0028912671841681004,0.0028912671841681004
7,5,DCIS_2,0.01533859595656395,0.01533859595656395
7,5,Endothelial,0.013005007989704609,0.013005007989704609
7,5,IRF7+_DCs,0.0010576929198578,0.0010576929198578
7,5,Invasive_Tumor,0.034331437200307846,0.034331437200307846
7,5,LAMP3+_DCs,0.0007935143657959998,0.0007935143657959998
7,5,Macrophages_1,0.08391092717647552,0.08391092717647552
7,5,Macrophages_2,0.002334308810532093,0.002334308810532093
7,5,Mast_Cells,0.00024394039064645767,0.00024394039064645767
7,5,Myoepi_ACTA2+,0.0026209542993456125,0.0026209542993456125
7,5,Myoepi_KRT15+,0.00047708823694847524,0.00047708823694847524
7,5,Perivascular-Like,0.002626584842801094,0.002626584842801094
7,5,Prolif_Invasive_Tumor,0.0001671184872975573,0.0001671184872975573
7,5,Stromal,0.09466041624546051,0.09466041624546051
7,5,Stromal_&_T_Cell_Hybrid,0.0025690519250929356,0.0025690519250929356
7,5,T_Cell_&_Tumor_Hybrid,0.0015082916943356395,0.0015082916943356395
7,5,Unlabeled,0.539138674736023,0.539138674736023
7,6,B_Cells,0.014905659481883049,0.014905659481883049
7,6,CD4+_T_Cells,0.04354184493422508,0.04354184493422508
7,6,CD8+_T_Cells,0.015799911692738533,0.015799911692738533
7,6,DCIS_1,0.0014912362676113844,0.0014912362676113844
7,6,DCIS_2,0.015247903764247894,0.015247903764247894
7,6,Endothelial,0.07491660863161087,0.07491660863161087
7,6,IRF7+_DCs,0.0009511883836239576,0.0009511883836239576
7,6,Invasive_Tumor,0.09033641964197159,0.09033641964197159
7,6,LAMP3+_DCs,0.0001047718760673888,0.0001047718760673888
7,6,Macrophages_1,0.0741974264383316,0.0741974264383316
7,6,Macrophages_2,0.008614221587777138,0.008614221587777138
7,6,Mast_Cells,6.739685341017321e-05,6.739685341017321e-05
7,6,Myoepi_ACTA2+,0.0009941934840753675,0.0009941934840753675
7,6,Myoepi_KRT15+,0.0014638464199379086,0.0014638464199379086
7,6,Perivascular-Like,0.006150030065327883,0.006150030065327883
7,6,Prolif_Invasive_Tumor,0.00031298669637180865,0.00031298669637180865
7,6,Stromal,0.13715289533138275,0.13715289533138275
7,6,Stromal_&_T_Cell_Hybrid,0.0043694148771464825,0.0043694148771464825
7,6,T_Cell_&_Tumor_Hybrid,0.004655166063457727,0.004655166063457727
7,6,Unlabeled,0.5047269463539124,0.5047269463539124
7,7,B_Cells,0.07515957951545715,0.07515957951545715
7,7,CD4+_T_Cells,0.06073073670268059,0.06073073670268059
7,7,CD8+_T_Cells,0.06722167879343033,0.06722167879343033
7,7,DCIS_1,0.0001859188632806763,0.0001859188632806763
7,7,DCIS_2,0.00035973091144114733,0.00035973091144114733
7,7,Endothelial,0.04521467536687851,0.04521467536687851
7,7,IRF7+_DCs,0.018795395269989967,0.018795395269989967
7,7,Invasive_Tumor,0.00655769370496273,0.00655769370496273
7,7,LAMP3+_DCs,0.012434744276106358,0.012434744276106358
7,7,Macrophages_1,0.08781226724386215,0.08781226724386215
7,7,Macrophages_2,0.12253360450267792,0.12253360450267792
7,7,Mast_Cells,0.0072023905813694,0.0072023905813694
7,7,Myoepi_ACTA2+,0.0010544431861490011,0.0010544431861490011
7,7,Myoepi_KRT15+,0.0,0.0
7,7,Perivascular-Like,0.00032042525708675385,0.00032042525708675385
7,7,Prolif_Invasive_Tumor,0.00020409413264133036,0.00020409413264133036
7,7,Stromal,0.16418014466762543,0.16418014466762543
7,7,Stromal_&_T_Cell_Hybrid,0.009319472126662731,0.009319472126662731
7,7,T_Cell_&_Tumor_Hybrid,0.002869448158890009,0.002869448158890009
7,7,Unlabeled,0.31784361600875854,0.31784361600875854
