C_state,metric,category,median,Q25,Q75,separation_AUC_between_gt_within
0,composition_JS,same_I,0.4778040945529938,0.3765755146741867,0.5649551600217819,0.66620925
0,composition_JS,different_I,0.5609701573848724,0.46073149889707565,0.6398441642522812,0.66620925
0,CCC_soft_JS,same_I,0.48066017031669617,0.3792475163936615,0.5665104985237122,0.8622752490046999
0,CCC_soft_JS,different_I,0.7214825749397278,0.5955814272165298,0.8447594195604324,0.8622752490046999
0,CCC_common_support_cosine,same_I,0.404997770958911,0.30606405776148327,0.5230874630983819,0.55352325
0,CCC_common_support_cosine,different_I,0.44268629028027756,0.3320656100927678,0.5612669726474621,0.55352325
0,common_support_features,same_I,216.0,112.0,351.0,0.39081325
0,common_support_features,different_I,139.5,60.0,248.0,0.39081325
0,opportunity_relative_difference,same_I,0.5462068021297455,0.2714693695306778,0.8029504865407944,0.522617
0,opportunity_relative_difference,different_I,0.5777672231197357,0.2937358617782593,0.8393960893154144,0.522617
1,composition_JS,same_I,0.35974182188510895,0.27071913331747055,0.4520520493388176,0.698616625
1,composition_JS,different_I,0.45687490701675415,0.3687301501631737,0.5519630908966064,0.698616625
1,CCC_soft_JS,same_I,0.40240204334259033,0.22638124227523804,0.49784019589424133,0.8602461732322795
1,CCC_soft_JS,different_I,0.6536544859409332,0.5465970784425735,0.7454569041728973,0.8602461732322795
1,CCC_common_support_cosine,same_I,0.26422354271568754,0.054397258900255985,0.4482997034230223,0.6054604010025063
1,CCC_common_support_cosine,different_I,0.3912759481064363,0.16882288442385418,0.5618311360220531,0.6054604010025063
1,common_support_features,same_I,58.0,22.0,134.0,0.533305375
1,common_support_features,different_I,74.0,20.0,162.0,0.533305375
1,opportunity_relative_difference,same_I,0.19530627876520157,0.09383075125515461,0.3247422128915787,0.5336725
1,opportunity_relative_difference,different_I,0.22025492787361145,0.0991196446120739,0.36270415037870407,0.5336725
2,composition_JS,same_I,0.47677454352378845,0.37246687710285187,0.5879579186439514,0.73712875
2,composition_JS,different_I,0.6184112429618835,0.5182734876871109,0.7340736240148544,0.73712875
2,CCC_soft_JS,same_I,0.44940757751464844,0.31941673904657364,0.5463238954544067,0.9441624365482234
2,CCC_soft_JS,different_I,0.7950610518455505,0.6834490895271301,0.914860188961029,0.9441624365482234
2,CCC_common_support_cosine,same_I,0.29443912074658996,0.17885306417752,0.4432822102340954,0.7062516655473506
2,CCC_common_support_cosine,different_I,0.46229410116040964,0.32795295592011486,0.5915467906511803,0.7062516655473506
2,common_support_features,same_I,121.0,82.0,190.0,0.456103875
2,common_support_features,different_I,118.0,64.0,210.0,0.456103875
2,opportunity_relative_difference,same_I,0.21495290100574493,0.09815152920782566,0.36693938821554184,0.526286375
2,opportunity_relative_difference,different_I,0.23021279275417328,0.10843714326620102,0.38977206498384476,0.526286375
3,composition_JS,same_I,0.4715385437011719,0.3899289667606354,0.5565837770700455,0.617983625
3,composition_JS,different_I,0.5271576046943665,0.4496375098824501,0.5986576676368713,0.617983625
3,CCC_soft_JS,same_I,0.4715651273727417,0.3655175417661667,0.5736534893512726,0.7571469774707635
3,CCC_soft_JS,different_I,0.6271840035915375,0.5190860629081726,0.7156087756156921,0.7571469774707635
3,CCC_common_support_cosine,same_I,0.38407907963555865,0.30099414465320773,0.46978759442529344,0.60157175
3,CCC_common_support_cosine,different_I,0.42754775565564895,0.34926345749254717,0.5159644593081179,0.60157175
3,common_support_features,same_I,243.0,152.0,377.25,0.571781875
3,common_support_features,different_I,268.0,168.0,386.0,0.571781875
3,opportunity_relative_difference,same_I,0.4159601330757141,0.18184927478432655,0.672540158033371,0.47896675
3,opportunity_relative_difference,different_I,0.38502755761146545,0.1924229934811592,0.6161118298768997,0.47896675
4,composition_JS,same_I,0.4354362487792969,0.3190813884139061,0.5515806674957275,0.65442125
4,composition_JS,different_I,0.5279040634632111,0.4214794561266899,0.6256624609231949,0.65442125
4,CCC_soft_JS,same_I,0.36948317289352417,0.26960158348083496,0.4627373293042183,0.8755068209587605
4,CCC_soft_JS,different_I,0.6460728049278259,0.5142431557178497,0.7835915982723236,0.8755068209587605
4,CCC_common_support_cosine,same_I,0.09136354431229055,0.03720222895592071,0.18150005576847245,0.46420025
4,CCC_common_support_cosine,different_I,0.08113715675316802,0.015878091653185794,0.20130161927646997,0.46420025
4,common_support_features,same_I,52.0,23.0,93.25,0.37876325
4,common_support_features,different_I,26.0,8.0,70.0,0.37876325
4,opportunity_relative_difference,same_I,0.1706152856349945,0.07999064214527607,0.29532144218683243,0.519959125
4,opportunity_relative_difference,different_I,0.18329797685146332,0.08503576181828976,0.31563663482666016,0.519959125
5,composition_JS,same_I,0.46914030611515045,0.35515475273132324,0.5783792436122894,0.584495125
5,composition_JS,different_I,0.5202265679836273,0.40602336823940277,0.6187027841806412,0.584495125
5,CCC_soft_JS,same_I,0.3900962769985199,0.2668910026550293,0.4993545413017273,0.8600131603967134
5,CCC_soft_JS,different_I,0.6308545768260956,0.5258316248655319,0.7043757289648056,0.8600131603967134
5,CCC_common_support_cosine,same_I,0.17275037032395912,0.07276208915514176,0.32663988460795884,0.5861245
5,CCC_common_support_cosine,different_I,0.24433063641775132,0.10009620073538938,0.4361509241286079,0.5861245
5,common_support_features,same_I,22.0,17.0,72.0,0.490592375
5,common_support_features,different_I,21.0,17.0,61.0,0.490592375
5,opportunity_relative_difference,same_I,0.19703179597854614,0.09577366895973682,0.3361232802271843,0.5351
5,opportunity_relative_difference,different_I,0.22268375009298325,0.10796895064413548,0.3721984922885895,0.5351
6,composition_JS,same_I,0.46849025785923004,0.39000043272972107,0.5388612449169159,0.60058575
6,composition_JS,different_I,0.5094252526760101,0.426044300198555,0.5913485437631607,0.60058575
6,CCC_soft_JS,same_I,0.4299808293581009,0.3021467700600624,0.5298013836145401,0.8064445961870987
6,CCC_soft_JS,different_I,0.6312960982322693,0.5153407454490662,0.7194742560386658,0.8064445961870987
6,CCC_common_support_cosine,same_I,0.3560508541797406,0.2814445094982505,0.4464274464904904,0.5955689568706118
6,CCC_common_support_cosine,different_I,0.4015924445937479,0.31495606475722887,0.49996975459325554,0.5955689568706118
6,common_support_features,same_I,359.0,300.0,502.5,0.50649075
6,common_support_features,different_I,361.0,285.5,504.0,0.50649075
6,opportunity_relative_difference,same_I,0.19089530408382416,0.08555988408625126,0.34793105721473694,0.56255925
6,opportunity_relative_difference,different_I,0.2387871891260147,0.10901576094329357,0.4224981218576431,0.56255925
7,composition_JS,same_I,0.35002319514751434,0.19520749151706696,0.4921846017241478,0.781503
7,composition_JS,different_I,0.5532484352588654,0.442687027156353,0.6409514397382736,0.781503
7,CCC_soft_JS,same_I,0.41106119751930237,0.28204357624053955,0.5312648117542267,0.9714132434089515
7,CCC_soft_JS,different_I,0.9448423683643341,0.7731579840183258,1.0,0.9714132434089515
7,CCC_common_support_cosine,same_I,0.6565493395184373,0.2559913790300048,0.9998592112322295,0.6008342583264081
7,CCC_common_support_cosine,different_I,0.8988812572726815,0.5922273974882974,1.0,0.6008342583264081
7,common_support_features,same_I,35.0,15.0,103.25,0.5026445
7,common_support_features,different_I,46.0,15.0,90.25,0.5026445
7,opportunity_relative_difference,same_I,0.4267011433839798,0.18725000694394112,0.6630874127149582,0.57577975
7,opportunity_relative_difference,different_I,0.5161464214324951,0.2551397755742073,0.7899277955293655,0.57577975
