niche,B cell,Dendritic,Endothelial,Epithelial,Fibroblast,Macrophage,Mast cell,Myoepithelial,Pericyte,T cell,Unknown
0,0.09946781,0.000982327,0.121730745,0.043027874,0.3347435,0.13101238,0.0024032001,0.005497743,0.01302242,0.19141458,0.056696523
1,4.0329727e-05,5.1864276e-06,0.00032697353,0.9729988,0.0009128714,0.005630936,0.0,0.0022885394,6.6529894e-05,0.00039035085,0.01734061
2,0.006003306,0.0010991008,0.120414615,0.4181721,0.18430723,0.09646537,0.0009284439,0.0059635774,0.009085138,0.10630684,0.05125211
3,0.10513357,0.0019128245,0.001241714,0.004929442,0.36145753,0.1452827,0.0022300265,0.0062818876,0.0012788696,0.28582296,0.08442845
4,0.021768717,0.004034592,0.16104834,0.030088542,0.3180566,0.11698505,0.001703913,0.008259146,0.017562915,0.2621751,0.058317993
5,0.00078839477,0.000144229,0.0023420954,0.83276063,0.0057617584,0.048457824,9.2307375e-05,0.012831768,0.00017735582,0.0018964532,0.09474744
6,0.0008863899,0.00052713585,0.1396604,0.38998747,0.34840468,0.08069372,0.0007447666,0.0022284724,0.017077785,0.0021758056,0.017612433
7,0.0013703267,0.00015443518,0.0043398025,0.7576002,0.13319921,0.061783243,0.0004010172,0.001174738,0.00029765355,0.002361117,0.037317865
8,0.07226437,0.0018311623,0.08384948,0.12512413,0.58815837,0.0743031,0.002051808,0.0051055728,0.0080120135,0.008180614,0.031118724
9,0.11073227,0.055035472,0.0015638276,0.016133709,0.24954434,0.13451503,0.0014058828,0.0023343689,0.0014314023,0.363743,0.063560896
10,0.014160289,0.00084457605,0.0052453014,0.54668546,0.13741803,0.10828893,0.00028385752,0.006086978,0.00090063375,0.105639346,0.07444609
11,0.008009987,0.0015015933,0.0053487774,0.32935745,0.1676158,0.08844982,0.0005523947,0.2832676,0.00059220986,0.08383468,0.03147016
12,2.707219e-05,2.381247e-06,0.0006224124,0.7773579,0.006836775,0.014041754,7.779491e-06,0.1756712,4.6984154e-05,0.0017217477,0.02366367
13,0.074654765,0.04534602,0.10699317,0.023247346,0.28754494,0.13261488,0.0018381948,0.0041672084,0.011916545,0.24676724,0.06490921
14,0.0055399984,0.0019572594,0.09167046,0.22768353,0.24738577,0.09211217,0.0018225886,0.19381367,0.0064529837,0.1001578,0.031404156
15,0.0014005308,0.00033734812,0.094138324,0.34673366,0.23226091,0.05231491,0.0008441047,0.23960856,0.007289468,0.005109501,0.019963102
16,0.000745316,8.679605e-05,0.0046123215,0.5932081,0.04353829,0.052455842,6.472067e-05,0.26052585,0.00063858484,0.0020447357,0.04208035
17,0.0010284303,0.00018994887,0.008854574,0.43695343,0.18152179,0.02101233,0.0002319309,0.33376658,0.00046454064,0.0030107968,0.012965013
18,0.0010936507,0.00043838297,0.07253205,0.7545641,0.12839136,0.014669317,0.0005561108,0.0011298278,0.0067599677,0.0022468017,0.017618319
19,0.10679969,0.0049405172,0.002299173,0.028088173,0.31914714,0.12341361,0.0016135793,0.012643851,0.0020059524,0.35532138,0.043727245
20,0.0011149123,0.0005095432,0.11670606,0.5628202,0.17746158,0.07355645,0.00050003774,0.0009172954,0.007805044,0.00165205,0.05695746
21,0.00325108,0.00028935424,0.0006639325,0.012673288,0.80946016,0.083249256,0.0011157864,0.0049850075,0.00046298272,0.031229818,0.052619327
22,0.00020789236,0.0,0.00121184,0.9073683,0.07523946,0.0035132468,0.0,0.00036674185,7.986997e-05,0.00045681596,0.011556947
23,0.06077911,0.00056580023,0.09305203,0.16712107,0.34111872,0.08161407,0.0021237931,0.14812969,0.0059368596,0.06732416,0.03223513
24,0.00063155347,0.00032851164,0.00034633838,0.002160657,0.9822334,0.00037991712,0.0013364085,0.00052830105,6.9570146e-05,0.0067615006,0.0052251094
25,0.0004657323,0.0007591371,0.0005256705,0.12968865,0.015213561,0.007513951,4.868337e-05,0.007607994,0.00074102345,0.015544354,0.8218915
26,0.00023005076,0.00011252107,0.16585761,0.009711616,0.79502034,0.0022673586,0.0010131641,0.0024607684,0.008740474,0.0014269683,0.013159202
27,0.0032478713,4.9993447e-05,0.002028383,0.0016827922,0.3672701,0.0010610018,0.001764724,0.6097741,0.00015182853,0.0071886447,0.0057805697
28,0.0,0.0,0.0,0.6505557,0.00071735354,0.0027207993,0.0,0.0011008111,0.0,0.0019582077,0.34294713
