program,B cell → B cell,B cell → Dendritic,B cell → Endothelial,B cell → Epithelial,B cell → Fibroblast,B cell → Macrophage,B cell → Mast cell,B cell → Myoepithelial,B cell → Pericyte,B cell → T cell,B cell → Unknown,Dendritic → B cell,Dendritic → Dendritic,Dendritic → Endothelial,Dendritic → Epithelial,Dendritic → Fibroblast,Dendritic → Macrophage,Dendritic → Pericyte,Dendritic → T cell,Dendritic → Unknown,Endothelial → B cell,Endothelial → Dendritic,Endothelial → Endothelial,Endothelial → Epithelial,Endothelial → Fibroblast,Endothelial → Macrophage,Endothelial → Mast cell,Endothelial → Myoepithelial,Endothelial → Pericyte,Endothelial → T cell,Endothelial → Unknown,Epithelial → B cell,Epithelial → Dendritic,Epithelial → Endothelial,Epithelial → Epithelial,Epithelial → Fibroblast,Epithelial → Macrophage,Epithelial → Myoepithelial,Epithelial → Pericyte,Epithelial → T cell,Epithelial → Unknown,Fibroblast → B cell,Fibroblast → Dendritic,Fibroblast → Endothelial,Fibroblast → Epithelial,Fibroblast → Fibroblast,Fibroblast → Macrophage,Fibroblast → Mast cell,Fibroblast → Myoepithelial,Fibroblast → Pericyte,Fibroblast → T cell,Fibroblast → Unknown,Macrophage → B cell,Macrophage → Dendritic,Macrophage → Endothelial,Macrophage → Epithelial,Macrophage → Fibroblast,Macrophage → Macrophage,Macrophage → Mast cell,Macrophage → Myoepithelial,Macrophage → Pericyte,Macrophage → T cell,Macrophage → Unknown,Mast cell → B cell,Mast cell → Endothelial,Mast cell → Fibroblast,Mast cell → Macrophage,Mast cell → T cell,Mast cell → Unknown,Myoepithelial → B cell,Myoepithelial → Endothelial,Myoepithelial → Epithelial,Myoepithelial → Fibroblast,Myoepithelial → Macrophage,Myoepithelial → Myoepithelial,Myoepithelial → Pericyte,Myoepithelial → T cell,Myoepithelial → Unknown,Pericyte → B cell,Pericyte → Dendritic,Pericyte → Endothelial,Pericyte → Epithelial,Pericyte → Fibroblast,Pericyte → Macrophage,Pericyte → Myoepithelial,Pericyte → Pericyte,Pericyte → T cell,Pericyte → Unknown,T cell → B cell,T cell → Dendritic,T cell → Endothelial,T cell → Epithelial,T cell → Fibroblast,T cell → Macrophage,T cell → Mast cell,T cell → Myoepithelial,T cell → Pericyte,T cell → T cell,T cell → Unknown,Unknown → B cell,Unknown → Dendritic,Unknown → Endothelial,Unknown → Epithelial,Unknown → Fibroblast,Unknown → Macrophage,Unknown → Mast cell,Unknown → Myoepithelial,Unknown → Pericyte,Unknown → T cell,Unknown → Unknown
1,0.18963897691754264,0.07990401381338469,0.18691901373209285,0.0440610926396445,0.40612908342812815,0.4405896261179519,0.04169583196064951,0.04861104630891079,0.05484714767966383,0.3295329681921461,0.2682260935129899,0.05956877588859233,0.05134071191629803,0.06437273771498561,0.03644200171141166,0.11692305757760157,0.1036084492317941,0.04462161259118355,0.0865852774798777,0.08094880894909923,0.15203559190672566,0.059224158186123754,0.38380802486734433,0.07957266857953063,0.43284059267109715,0.41332766402228055,0.04330233132568216,0.06745182182531499,0.07318124607965142,0.2507877158406085,0.22053750787146392,0.020182366008016588,0.01592491665493785,0.039713031773985365,0.08354042848929082,0.0783857812581452,0.05064702637120975,0.05172407094496704,0.02223200460955157,0.029303431983846148,0.03713275680834935,0.5167414827585343,0.11994511856532585,0.4997629860169563,0.1183839362682067,0.9648021345901334,1.2122702426018843,0.04518604710210071,0.0859365327682756,0.06775411241699542,0.8021611079557507,0.765185775008938,0.31672543139414183,0.11451166834467336,0.35202847632887463,0.08585874076756782,0.766952108103081,0.8690508866948583,0.04510593892356876,0.0684276463051657,0.061677350014785554,0.7164342090759007,0.5888398260730804,0.03533643709263433,0.05281975977888449,0.07114239556998637,0.05604351782995173,0.04051803180725572,0.04939302841827961,0.028907220737958875,0.05518750163786096,0.059914654591154554,0.07655692980561449,0.05440045560982428,0.0705456314560439,0.03713531225159688,0.033445126052976136,0.03671491626327366,0.03199518299715362,0.02982299844911404,0.05934735897725578,0.030352243975358253,0.06648502869305398,0.05462474936205314,0.03667403679436371,0.04523661079598894,0.03792179220665858,0.04081278320200331,0.2392886274615521,0.09470482904980647,0.2400738523182367,0.06644281100992606,0.6334280654410365,0.7655969151385396,0.03141925145067113,0.0500325814523269,0.05038083633349776,0.4221598284339452,0.39873187982721847,0.26201338630056575,0.08591107202554989,0.23909930728134368,0.0782389315512551,0.6209821459939944,0.7783167912822169,0.04312567770452689,0.06150006786082228,0.05631243249345114,0.4645897967964316,0.2775556496737669
2,0.21199581438874524,0.07944157153761712,0.1995431918212754,0.04066550881742955,0.4582118284888543,0.46715937883537634,0.03786033738676642,0.04475126469617228,0.04990905262411903,0.36432421061558085,0.2894249104336719,0.05542818003054235,0.04741123619561387,0.056141492963398903,0.032044521838961795,0.11497108107263403,0.09914418602716081,0.03909867562675496,0.0842271977144426,0.07639327692820956,0.17838240679128872,0.05276595432129995,0.507452779263038,0.08194141987793467,0.520967869164493,0.5498643765656576,0.03981572532977985,0.06481314814531801,0.0686989447703242,0.33448314455319034,0.25514647627238995,0.02082579819114296,0.014748259221402719,0.04207931295812636,0.09950355015194152,0.08792229364938746,0.05325523834145589,0.059403669467592686,0.02047684616970971,0.02725778761486213,0.03871446453776525,0.5832967667144117,0.11666579855829864,0.6008700246748925,0.12273542922791952,1.2298313922073318,1.4965852494222034,0.04107686263834949,0.08594629396147334,0.06327150962831664,1.0327854701680699,0.9332527124211354,0.4056737345237923,0.11135863941508418,0.411372019354599,0.0884156127223002,0.9512364416500133,1.0561493738390726,0.03893104573013888,0.06504958320383089,0.057739632055189685,0.8668365506120967,0.7319104996193186,0.034037057398813936,0.050257516770321024,0.06591357040177892,0.04751374483095781,0.03686029078694188,0.04216711869631739,0.026613900261850156,0.04824333887832317,0.06010493798067788,0.07407965430141193,0.049190360522571204,0.07774649503086502,0.030943997777891138,0.029628421560831876,0.03178521541584064,0.027528717468643805,0.027612115116413833,0.05142404464518648,0.02606916346748965,0.061112776321720776,0.04825131431046782,0.03162394584828511,0.03824623882572567,0.03627777784293467,0.037231568510111376,0.27648260129979935,0.08852686155388614,0.26667507495531523,0.07307813276427036,0.7552671525397826,0.9677072092942073,0.025630676996738516,0.050118426099303635,0.04627355837008315,0.533784982972959,0.523827340321498,0.2729484567315284,0.08786249696592889,0.2640220586287771,0.07505238308504986,0.7644000962118922,0.8616686835359754,0.04078635384005586,0.05697765381392131,0.0527481820397537,0.6231722410221083,0.33140881845589
3,0.22308046087371938,0.08151836737946874,0.18922540946112285,0.03756804799142165,0.4630719658038195,0.5424581258792476,0.035015595438733595,0.04120015072570485,0.04320021490858108,0.3988122548125175,0.2960708220805735,0.052455489852257335,0.04263826674164735,0.05288377938640867,0.029080899402184918,0.11038806377435188,0.09299277207513945,0.03669887564371252,0.08081159871250389,0.07104709661907027,0.17318677090947776,0.050156367497012536,0.5308762469915068,0.0815973242314721,0.5450898448781508,0.622181929303662,0.03894693659364367,0.05975638162015545,0.06156612085558798,0.3487603592552069,0.25365397397159667,0.01784387699052645,0.013756866751121128,0.03702740625060243,0.107352242196877,0.09134856787286791,0.056546682195522426,0.061996448695077894,0.018830912026787043,0.027731935699416475,0.03504216422873351,0.609435580272878,0.11818725517208496,0.6806799019296081,0.14312484564796066,1.2937865869221155,1.535361670671669,0.03467072961826687,0.08656436769829343,0.0580999566843319,1.0844301499930606,1.018441816892476,0.42502751994432997,0.10790357268400497,0.46752248243527883,0.09167391917589454,1.089150654662709,1.2275905338105875,0.03800609330886389,0.06111689522803295,0.054722935727770275,0.9203341594175374,0.7420079278689156,0.031212024478961084,0.04702319489261111,0.06007961002657356,0.04601398735333861,0.03407621873050581,0.03889041585465619,0.02430651771663925,0.04769429555224654,0.06615193138711191,0.07431733413029805,0.04687161766489405,0.07682314812238478,0.029381140622808284,0.028146055949949067,0.032320169869185955,0.02662895308161095,0.024913458602983465,0.049606709900609454,0.024517926300399357,0.05604851486249918,0.04888153574709814,0.028927464609197283,0.03492723764414429,0.03287679813049834,0.03238520051451923,0.2979493568876135,0.08971931616117651,0.27687494618366004,0.06400138130226268,0.8624950246679447,0.9865968057767963,0.025437765376130742,0.04799637958384921,0.04434015973096505,0.6028183312958121,0.5674809415677716,0.2925281721551965,0.08399272891114598,0.2885889175361651,0.07324533872091736,0.7973397159014639,0.9412449005225558,0.036991680455632205,0.04979058919000814,0.04629264845574445,0.6623160834689107,0.3342126524100497
4,0.21602751890504895,0.0798983496409671,0.17991637996216694,0.036754047594573284,0.4525908389309494,0.5341379102922693,0.03500259936717549,0.04257822956324113,0.04560210508288644,0.3582679763506212,0.2988504135046564,0.052321958844094386,0.043287764168008926,0.05570104810638686,0.028436699258198084,0.1096843903117901,0.09440658900288866,0.03785673143798064,0.08863327392879461,0.0717451511557077,0.1794063455067724,0.05222249942894572,0.518847099141138,0.07909454986929138,0.5389487468806786,0.5731307396170908,0.03819728457910987,0.06196385695747774,0.06582022762398004,0.3119545304918109,0.25412682687528254,0.01753138675729282,0.01494032074892863,0.038281011247575165,0.09748378997384265,0.08635930026301523,0.0567630450243853,0.05835132259379775,0.020212934440474267,0.02652618919702808,0.042148152792607606,0.601350288659082,0.11636404453101067,0.6084871493479093,0.12203502974258998,1.252541210605103,1.4730472837213069,0.03816729451486988,0.08202559999495158,0.06218481992845295,1.053838638381171,0.9440362963632724,0.4146346640616357,0.10813018040091428,0.4262844136728262,0.09225895510370846,0.9888519947707435,1.0595134466755223,0.03746547173224273,0.06302520788342351,0.05391778028263191,0.8670460595808561,0.7444004350516893,0.030777936508341642,0.04947101984782437,0.05975071007059224,0.046818660824962235,0.034010318196749885,0.03905812739168396,0.02347681703254829,0.047845555562701356,0.063721530512171,0.06713497268263124,0.04882866792472364,0.07603101874919674,0.02984881895064184,0.028612784593234703,0.033233327218212004,0.02594507176306992,0.026511684007378165,0.04905738575118904,0.02570511928151889,0.05897369179661551,0.05279243556917167,0.02816218484935297,0.03441145565458651,0.03401047803490528,0.03676699743601875,0.3125698803405582,0.09525018257354197,0.2655732473526111,0.06357470170719351,0.7503480806837787,1.0157518095904914,0.02605838201505079,0.049247274709325814,0.04440969252532617,0.579865990218951,0.5547745931419477,0.2746784925478194,0.08523242503774085,0.2714061242710278,0.07675622536214885,0.7909625743260074,0.9585105767566029,0.03678145418241234,0.0535029402685903,0.05301900148225571,0.6293276929777448,0.32534552524617816
5,0.2154058328259169,0.07743637556633319,0.18443210097073925,0.03848149821312938,0.4859112004838241,0.5130246638346513,0.03774761558510226,0.04278442004598963,0.04596489736724314,0.3707585496601844,0.280764135803848,0.05451876240254289,0.04363088258857986,0.05350743983561719,0.03142122262398447,0.11647222569953723,0.09773176633079464,0.03815914940837567,0.08599242276131142,0.0711378910848624,0.16951020587255516,0.051812019062068816,0.4944957977242146,0.08338051877558043,0.5336287131429042,0.5761064667203284,0.03939350497334142,0.06370394192155102,0.06627649326161336,0.3232793770845246,0.2568515515164292,0.018221892752612948,0.014276568709963825,0.03950200975265647,0.09739810098463877,0.08262843648337002,0.053011064165363525,0.06168951369841133,0.019911377628879554,0.027003958476469175,0.03551551361432058,0.5917707212786825,0.1193214310665833,0.6098753058581908,0.13476070161778209,1.2584365694879887,1.4143771349097956,0.038271336858791076,0.0837875247527687,0.060355290024428805,1.0686858934870718,0.924733008242312,0.39946389284063705,0.10933042527399385,0.4437357542196104,0.08948247388422467,0.9713193484887864,1.0739433176357576,0.038279804592454336,0.06411190766538624,0.05493132115724968,0.9283883558706774,0.7300630656287462,0.03304758028144373,0.04748775195012703,0.06468456228377822,0.04710080197286836,0.03620311596511926,0.041938560708007375,0.02573037961178824,0.04792101294272093,0.06485842857340822,0.07138400692568557,0.04958368066508461,0.07496795140736685,0.03141565115769701,0.029005555384303248,0.03628907200699508,0.028832793207469773,0.026314658398555308,0.05102212225905441,0.025774044936794353,0.06101166368823558,0.04981011452726181,0.02875842469414573,0.03821841936363598,0.03513741227734472,0.03626301986309438,0.28206721169353577,0.085601902245566,0.2774610559779734,0.06546396853979658,0.721853514357515,0.9927574773088734,0.026863080323064725,0.0477399957399233,0.04536966524054395,0.5447259833994869,0.5192082551745931,0.2639290709375881,0.08299699228570552,0.27310026092942613,0.07781746735224411,0.7547970439342725,0.9334956329742794,0.0383284728517244,0.05326598315407143,0.048362691258482936,0.5944534552068819,0.3221971603939634
6,0.21154959248898741,0.07378308321074134,0.18470713202568356,0.03631803566437256,0.48458880458743614,0.5401079438400229,0.034411942054388626,0.04063052688464405,0.04395743612043996,0.3922798902239716,0.30576744041759996,0.05197017227740379,0.040653010211392004,0.053210644971529046,0.028156506168548968,0.10938345908214514,0.09771210500815646,0.03662392286045429,0.08258018257377975,0.06998984959924055,0.1930609502651186,0.048318928309249595,0.5570882856057239,0.08476098239839526,0.5859336910272741,0.5974695131652992,0.036054152460100235,0.05897759356894121,0.06567602188608508,0.3256807201205288,0.2715840605319039,0.017808221032534887,0.013602699161667202,0.037781917345060326,0.10735178456794287,0.08950617296457307,0.05446016106258185,0.061889425984320665,0.017296263601178488,0.028062110917973018,0.034626043788114756,0.68682298511697,0.10780407933398638,0.6831321497295337,0.13825357007261285,1.3083765094831616,1.5268848065611604,0.036965446588044064,0.08371512544551916,0.05856220740021785,1.0795644694908664,0.990112569940816,0.43048114690419553,0.1090360474087202,0.4482982040358657,0.09260410543609181,1.0991441492583305,1.1953759144197953,0.036179957629545824,0.06574360711399889,0.05442153014766105,0.9722806559755539,0.8015307672552661,0.030018554776431505,0.04574739747433326,0.058533330301349135,0.04649749015036625,0.03536121864615204,0.03777766933869956,0.023971840717912148,0.047057633375668255,0.06465147185113322,0.06972227733034164,0.048301428982091804,0.07920625534619204,0.029179261098063285,0.02773424892638236,0.029552456141382993,0.025886506817027338,0.023624656998287304,0.047247176837484514,0.024252493403734234,0.05391922989174893,0.047176007546316984,0.0281092137469396,0.03663075581864511,0.032275353217651265,0.03547830476717311,0.3064960845345126,0.08636319982219721,0.2988705521286172,0.0654936917972695,0.8101295672223355,1.0664946771328214,0.0249895533683858,0.04600905425605332,0.04029599103530341,0.5882412892310424,0.5426356898401741,0.27942051413813784,0.07859243232068612,0.27912016152261543,0.07729807252856463,0.8023956849571835,1.0019772288372746,0.03472158618483676,0.04952984594482238,0.04883150246998098,0.6499833023863562,0.3366010121615481
7,0.19242983102986466,0.07785854502046677,0.1817424064597296,0.04068884567992733,0.46266070493493444,0.4745822799853867,0.039230750632274665,0.0475853166683721,0.049809756981603434,0.337342655546782,0.27241346883512285,0.0570368423746748,0.04825740955409526,0.05811744347034212,0.03220801684545017,0.11672865970805348,0.09943513892962161,0.040558159790930456,0.08394890104303109,0.07671355570589845,0.1660786990396767,0.05356715463275921,0.4540580209006889,0.07953380553042724,0.5092778371413791,0.5028544765190027,0.04133554175818691,0.06870524485269541,0.0687141812810113,0.30730741071606876,0.24804257445711078,0.020790857078563308,0.014880895873610007,0.04083063466491269,0.08622634098363889,0.08734428494459935,0.05660210300209591,0.05607528603219432,0.02101125668151696,0.028181680432119258,0.03729995120746819,0.5915606034495035,0.1212767681072919,0.5829446304710181,0.1282590402175542,1.1506916499438877,1.3738985155030878,0.04147140492798954,0.08565913881358479,0.06704469953513056,0.9798398228416136,0.9135750007162026,0.3958103422849481,0.11004439969090889,0.4304485389368751,0.08714271501406612,0.957094701359317,1.0572207389943111,0.040080155918258205,0.06742020608408218,0.058878542355850945,0.8110600220106337,0.6959816541254289,0.03196347430388582,0.051420939850494084,0.06734123447778753,0.05087142684614544,0.03579687696517206,0.04320540177967617,0.027208521560890875,0.051515716991309024,0.062129509041349416,0.07617160599715836,0.05156083831895838,0.07509129138064649,0.03232174956197099,0.031220024501591163,0.03429771556092005,0.02841015087830108,0.028337263695820302,0.05122817233013103,0.02813122567408156,0.0610824702697428,0.048427846700529846,0.03157283157342775,0.03894734012350983,0.03617951647623693,0.03813641304553247,0.2739160706941936,0.08982714543985636,0.24644613407605462,0.07086868846677845,0.6920769102854819,0.9170535024258165,0.027656061018858886,0.050182648824237584,0.047421328868555386,0.5468886639708065,0.5039292786863923,0.25582496932376014,0.09132972811834844,0.2680120471078561,0.07701458283843665,0.6955497429045812,0.8897990731335517,0.03896008881478435,0.05434531759383344,0.05198543362448116,0.5446679970675667,0.3098458762006352
8,0.20943570509660392,0.07273197889417599,0.18878406852682117,0.03866263787654453,0.49995546754997355,0.5622497596474391,0.034967330463424845,0.04159473236012162,0.04567212698200307,0.38601590127548424,0.2932309724096201,0.05195162293651747,0.0439983679670839,0.054725388382788634,0.029720496207296315,0.11190674904042842,0.09763802444941698,0.03776092911982748,0.08440830762337036,0.07647764786739354,0.18297677751670122,0.05363226384469349,0.5246404827563093,0.08292715407751519,0.5653577796278973,0.6049792047123563,0.039600725059715534,0.058567274515648825,0.0675511897638578,0.36911174599769647,0.27134135096512463,0.017579524353886964,0.01383198896282408,0.04033994062632128,0.11328502165099003,0.08693443237281588,0.054345725058177266,0.06242534635193428,0.01825347554259527,0.02675576892000836,0.03529430006629867,0.6277848642812478,0.12006594760413661,0.654288740809497,0.13487489688133414,1.237476532328607,1.5383110087413554,0.04022031160320027,0.08345033534414359,0.06067411255356958,1.0890416814346464,0.9107064773096952,0.40715571726081673,0.1088144920529506,0.4609657499051804,0.09539480561197494,1.0226960025963263,1.1651561170121916,0.037503662723378905,0.06469038973701917,0.054006189471335786,0.9124831531620168,0.8042584039016992,0.029126983693244346,0.04844794130752159,0.06084913066153785,0.04616796067795751,0.034817169893574314,0.040458814721539116,0.025006932448069764,0.049702827714690895,0.061699016199702146,0.06982988726189134,0.05017977321286955,0.07695504410917042,0.02986772091908947,0.030226202491347533,0.03308345116027808,0.02740053439925561,0.025378233532200437,0.04988071405688157,0.025079270525010543,0.05872795071479055,0.04839864771220664,0.029347303623025157,0.03668227091841523,0.03193918382236246,0.03667870775707413,0.28828796663413175,0.08921573916726003,0.27937920482754225,0.0735194124682633,0.7800910872673571,1.0143769309587314,0.025625535618041505,0.04991164323176074,0.04359873864371967,0.6519303617778541,0.5683664995395528,0.26701936117804,0.08530807028906923,0.27232682598098856,0.07261660746770505,0.7576057608211271,0.9494316195280508,0.03690994782963172,0.05328151278334502,0.04899315835406285,0.6390632579715251,0.32952437209614877
9,0.20834953155102975,0.07681947799243198,0.20183412382353277,0.037281627115428546,0.45927275055673394,0.5096640415351189,0.036646741847328565,0.044012725613821156,0.04656931674520974,0.3458107979039128,0.29910165695350477,0.05377201403253053,0.045069924190394545,0.05877143702106262,0.03177545864893031,0.1103946958282766,0.09671197676792022,0.041079979974189454,0.08994274482012739,0.073612285813695,0.16287221088653805,0.05388350311315929,0.46764794530516696,0.087785235627897,0.5178636134955467,0.573770042811806,0.04049576659811367,0.0634343854463815,0.06898973168700823,0.32209082793813265,0.26440214663107214,0.0172189520985563,0.013693993552028444,0.038592184660313174,0.09516774346289461,0.08394251636938993,0.04901573930503802,0.06123907084182673,0.01969715392634561,0.027850158638579703,0.040275655687459146,0.5488767171769715,0.11820690911757752,0.6097354548493633,0.12635730600883008,1.228429188628144,1.4795081079482595,0.0405971575958941,0.08389354146676634,0.05906144048488032,1.0382657032954734,0.9333951306766431,0.4015147098182346,0.10678453739730041,0.4293091700236602,0.0897096511167769,0.9605613597993304,1.1215642742783056,0.03830700265297682,0.062062391770373634,0.05556435426998586,0.8995757947310131,0.7329818155935865,0.030155631978500595,0.047629757331384324,0.06473132527223593,0.048998085057821925,0.03674540035036627,0.04121768275820829,0.025982850371765162,0.04780355157089195,0.06442639931823028,0.07027343691359575,0.05004839682304136,0.07629720804919415,0.029873861901019847,0.02954760886489191,0.03301257031550483,0.026985397332149823,0.02642142290921536,0.05127062313106098,0.02551934234435837,0.05829067753859132,0.049001518135495005,0.030789931255332394,0.039226006881727324,0.033231763263337655,0.03539365841455215,0.26812034262213996,0.08552463254676906,0.2659556033353788,0.06221532098298051,0.7308017549589636,1.0213287295558093,0.02837418876876572,0.04825608068426177,0.04544971932000791,0.5278899068806557,0.5129304183401319,0.26832242895286756,0.08881835151254905,0.2567947612657212,0.08046243718013463,0.7144616104980286,0.9180230029705251,0.03656659112725681,0.05247901065158624,0.05132683747259979,0.5782434873659903,0.32459343385548817
10,0.20769635391261637,0.07991890384413186,0.19536878896383456,0.04414302346495769,0.47157542895062526,0.5177861426465789,0.037251604591747756,0.04659697046742753,0.04899469894797604,0.3503756915226117,0.29445150148233423,0.05449441339566417,0.04869034619818612,0.05665321432609501,0.032445641837553746,0.11642156782408977,0.10228403568607534,0.0420013916114651,0.08344030316379629,0.0758820931135253,0.17291178633055093,0.05673209986569059,0.47225735237471506,0.08179327548198584,0.5007776853493433,0.5217482629744068,0.04309802963812074,0.0657807077630104,0.0722222363278437,0.2914454833273148,0.24572160468507165,0.019881333465571575,0.013996419145473955,0.04157218263906296,0.09219874530009442,0.08440639054912502,0.05569249750278764,0.05671195952039591,0.020780537681345974,0.030542190721135825,0.037095995508037,0.5436193210614392,0.1189993188222996,0.5546035210691789,0.126685219886345,1.158556094899705,1.445524221818411,0.042958194613108916,0.08633449584034604,0.06382027065562036,1.0427203085869479,0.9465276395923885,0.4200948006148085,0.11493280303117939,0.42085929569226227,0.0855378368997389,0.9357012185327955,1.0332768571665412,0.04026963937928998,0.06656694427226618,0.060778330719461704,0.8619133495217766,0.6932054522538598,0.03370125661490197,0.051180629823284675,0.06518328216500943,0.05119142922677791,0.038802423474680624,0.04186916611217448,0.02627142635790275,0.0506611280309935,0.0618492382457663,0.07223714873593261,0.050521532271405045,0.07678834078204594,0.032903158393181677,0.029580627001509704,0.03426554727147926,0.030455323355869396,0.026946837975541683,0.053063878134574895,0.026828215195085103,0.06347039845822174,0.0514636063099814,0.0319697891405483,0.04064195678818412,0.03424998887133771,0.03894915367181146,0.2853570379854697,0.09544096047772758,0.26720131183566515,0.06532364883631661,0.6877816626513196,0.9071228630782333,0.028443122538901376,0.04975248918366811,0.04864320377853797,0.5679711563378016,0.5086164686581685,0.2537633531885742,0.08659897683931955,0.2550508915800329,0.07420140794247547,0.7315879206476212,0.8401311412849473,0.04027967795316352,0.05571176685308783,0.054716596300622346,0.5810546529733854,0.3138460552227877
11,0.20768785027684433,0.07909586496845301,0.17883947161969904,0.04118321279932978,0.4268836174088298,0.4799056248320265,0.0395019674570215,0.046517827465449336,0.048087918403635785,0.3237045136266321,0.2697378061469184,0.05415531232270051,0.04782360363634389,0.055282418452633215,0.03111620740651665,0.12250594442421303,0.09694430423174423,0.04204240165585278,0.08835379765179624,0.07747194840848394,0.16978124908847478,0.05494747071266135,0.47246727348001055,0.08131615637497994,0.50137459454715,0.5063256254275635,0.04204904723454451,0.06269172991676673,0.06823479075086475,0.31582992509556873,0.24293058335744858,0.01943850997090237,0.014197464560952637,0.04194343478812759,0.09308879398632765,0.08754276508063633,0.05372286109479233,0.053691878804464604,0.020693080144428846,0.02803885569588692,0.034163231671446075,0.5445754409393974,0.1201490095917803,0.5586289687823658,0.13133642561714898,1.1029906962718021,1.397842256673281,0.04089028970717508,0.08772077117849113,0.0660795308503381,1.0128344155450189,0.934560211647345,0.38613347281268806,0.11623465259335794,0.4036771939115757,0.09024625116540824,0.8937289322199038,0.9989517603459822,0.040545152653653896,0.06732887456208791,0.06015291205054381,0.8217946718703532,0.6653354896678262,0.03415953277062531,0.05107821364816601,0.06479793204473387,0.04895217265425577,0.037177815922070534,0.0435470002623417,0.027133711402448232,0.052933023063038154,0.059756085796615545,0.07396718406041392,0.050347155237392346,0.07218878810363545,0.031515674924486654,0.03215691781669378,0.03465891659496356,0.029201657620397614,0.028524909018064995,0.052355705596795934,0.02575290867683912,0.05914343598317023,0.050154105664161217,0.03139524843192262,0.041388945653144146,0.03712081984899939,0.038196521782251344,0.2824519126249956,0.08078682256889295,0.27357330072080144,0.06325506129850679,0.6932824283422604,0.8927162114379756,0.026586655233500473,0.04770383321793154,0.04687709765457566,0.5224056448481168,0.48838598005375394,0.270915420642147,0.08771240328219877,0.2648661176973199,0.07526419175600818,0.6958684144481412,0.8187605954796301,0.03944325767301964,0.0531585965041296,0.05274229507753797,0.560132276142464,0.2835430458255793
12,0.22013441055193725,0.0685346178677132,0.17904358912452442,0.03306298695829009,0.5099831608714191,0.5761705888701769,0.0314536679252438,0.03704648244263944,0.04032562552112386,0.4065865761309852,0.3389401324167997,0.04537459735420982,0.04144568180478411,0.04942163969400065,0.027164045118722335,0.10365458565468269,0.09712877172555476,0.03301558965826029,0.07609441400429544,0.06589615148550855,0.17084388290004626,0.04865277095280552,0.5737883474773622,0.08072309485043103,0.5879458854507158,0.654587304713108,0.035200958886881344,0.05391102306313625,0.05967182600642579,0.36117393041045487,0.2957355708940112,0.01563525942515522,0.012695406889324828,0.0356165315744368,0.12192494920496758,0.09421021086154761,0.05812386281656774,0.06468523606307944,0.016422099630828704,0.027643220605073647,0.03428147280756853,0.6677031820999271,0.11359489963695475,0.7088426749833731,0.1419368758534059,1.337532261831234,1.6139969209292324,0.03453846846277235,0.08865721301228094,0.0547665853148657,1.0940059240451754,1.0844034988249347,0.4486031201536772,0.10380468597784387,0.467235861638639,0.09195543621728006,1.089283668778868,1.2550592123794913,0.034984258061796024,0.062269982312411,0.04914931592855148,0.9995859551132508,0.7963683799229214,0.029457282601942674,0.04338799597030544,0.05207437556605224,0.04231723967548636,0.030882008606750232,0.035429956184213844,0.021626051768912566,0.043676116048842875,0.06757924480279806,0.06405903984301174,0.046337124529055695,0.07381209777042373,0.025690843152240902,0.026047808844023655,0.030022033838312378,0.02313124989143666,0.022318763038967473,0.04206756485370461,0.021520684243730694,0.05230317318864291,0.04580197310592196,0.025234107836335583,0.03423264901347803,0.03027791308547695,0.033027122964791655,0.3051513317064718,0.08823589783161177,0.2773312209197729,0.0706404892536511,0.8858420656594577,1.1002200695550932,0.023603896972759393,0.04237102152620487,0.03875928955006498,0.6304332221862231,0.5745419902817789,0.2861962549415233,0.08375527900329877,0.26574156332377113,0.0736434481063762,0.8222846495881033,1.063032465144386,0.03308319910780227,0.04931887507170322,0.04603201586774319,0.6611568289678305,0.3657363580952732
13,0.21825552606819426,0.07622138672998999,0.18898511615544353,0.039285990944684976,0.4933054906040181,0.5558631180297402,0.03568039552418809,0.04094226169816479,0.0454460752559697,0.4007491337430407,0.2885113576696399,0.05264123801854989,0.04235434057040271,0.05508766598828498,0.029337537265825497,0.10880780639176758,0.09334501897571759,0.039461896277368146,0.08268435450955923,0.07297708554147646,0.18493099962479967,0.05331085095381585,0.5297487164297953,0.0806178394578628,0.5502640164629304,0.6325942082271906,0.03802484908687555,0.06274239443164528,0.06305630992941536,0.33818294046761843,0.2757014501029338,0.017334701234883683,0.013965534725278297,0.039888156112850764,0.09907749441748813,0.09247441939623317,0.05240904727782498,0.06397925871793622,0.01873895590646246,0.026248601961121665,0.03798172610502593,0.6013794967458848,0.11491794545987305,0.6869998543966829,0.1429972217662115,1.245031371761038,1.5738336828591328,0.037266072649764656,0.08750219668136726,0.05872961696608436,1.122353701648953,0.9469463181812082,0.4209531971658904,0.11098814243982759,0.46724328329305137,0.09201452297342379,1.0504389875385682,1.2087205167643205,0.03703500815327316,0.06227127318994447,0.055909742146458594,0.9749784619040927,0.753970346240264,0.029985502459038946,0.04544616451943187,0.05920045541720254,0.045074125228928126,0.033870645468941994,0.03859433214740715,0.026292994672687264,0.0467010605168905,0.06316714244408271,0.06997731902557194,0.05052696799821285,0.07724896164055656,0.029046917810347368,0.028447161526135852,0.030101622665791705,0.026651782396489125,0.024330355733230415,0.047660982083898545,0.02389001022177958,0.058542593537216574,0.05012392772861242,0.028657493538443143,0.03666012275998391,0.034640157989046086,0.03542721434508664,0.3042421408027482,0.08400808763654571,0.29174024086968375,0.07174871013666628,0.848596201962442,1.03644057336701,0.026676392308418437,0.04627834244902663,0.04618580599324553,0.6058483212396635,0.5845274413296111,0.2611685351724868,0.08537112496594451,0.26148257362268407,0.07538249904053648,0.8185814837935498,0.9830348301889074,0.03476079989426261,0.05139703740683106,0.04930541423997019,0.6386269558735962,0.36475699381504256
14,0.22674611314501084,0.0738126399906278,0.1781286816706492,0.03749639426769084,0.49857689026329727,0.5124916313736485,0.037029190782131245,0.041581733091800396,0.045861773723858204,0.36242006457204423,0.2918494789372748,0.05578580118171467,0.04533992427792152,0.055521857976657846,0.03138070463521055,0.11826469700428004,0.10075106236433536,0.03863413824162741,0.0857900713451507,0.07182268249726978,0.18301659885702243,0.05308734212988242,0.5000330625808931,0.08454592434069014,0.5185763079776943,0.5404880178257414,0.03884559453092928,0.06546348681218671,0.06821891562527065,0.34399026787165693,0.24890416014825018,0.019094565064115596,0.015016272151800812,0.040190186291290314,0.09879312119121808,0.09139501020139541,0.05501416797814571,0.06348161639177725,0.01887102869883847,0.027406898908698688,0.03614867533529566,0.5802404083930168,0.12181133230963317,0.617512111280329,0.13769100124182648,1.236413965157251,1.4450298274035696,0.039911456827334935,0.08748689033370151,0.06081216944057884,1.0459784338086642,0.9630302558497124,0.3833132957759962,0.10835988602718002,0.4376556949710169,0.09113730093030395,0.9561583861665272,1.1501017008370817,0.039169774097324424,0.06325311987968085,0.058821810384593484,0.8838346154783729,0.7185828243813551,0.031089191807396183,0.047558390824523504,0.06107698191929615,0.04797774171721527,0.03548812620706017,0.04142091377603339,0.026823859236493233,0.04870911045991525,0.06466477505785456,0.07376721177372007,0.049526140404570554,0.07118194518544341,0.03104697904236535,0.02937229763833712,0.034262119357808124,0.02837298998260024,0.027428224023582148,0.049005861307034444,0.02638654524008816,0.06162587942379409,0.0490395470753321,0.029735770464378544,0.03784121902204686,0.03278782065567581,0.03811627761833489,0.2857492832778643,0.09665330829593392,0.264530624294476,0.06746222384656343,0.7587417074764825,0.9629024138503574,0.02499556254531419,0.04848648049993168,0.04455511844310897,0.5732294804982548,0.5366338895656068,0.2652149376678464,0.08397977906970051,0.2618371253894631,0.07367205692304869,0.8079290532055381,0.9001922368891239,0.03664338254111182,0.05188339097883642,0.05007561898223957,0.5961149639796665,0.3202371442756842
15,0.21641214114695534,0.0767261433294933,0.1871086344080335,0.03614487684300884,0.4763443685158367,0.5432604448118897,0.0324329187203841,0.04021647819242411,0.041159726918490194,0.4056312229843633,0.2934574436493351,0.04893434553592698,0.04208315620509667,0.04986928538286578,0.02729843716273317,0.1052329751439925,0.09811732842105472,0.035292072414222136,0.08393017169979128,0.07056670304302241,0.1929542708375382,0.04891068481673588,0.5510087071011208,0.08216259752384782,0.5848370957880632,0.6139562914286618,0.035104506519245425,0.058089618844250485,0.06445813924141462,0.3330498261409584,0.2690681024727611,0.016918117755423984,0.012089229045743995,0.03796968684925652,0.1050110634720888,0.09058532322159908,0.05822124999150789,0.06345155231017606,0.017002749599658536,0.025842266566471504,0.034548135474410796,0.6620682566221103,0.10812771668017743,0.7236864721752104,0.1421667265635358,1.374283199713018,1.6071433463213143,0.035737673404222445,0.0857092729116923,0.05561487271738087,1.0539695851752182,1.0298419998800206,0.45151059882360844,0.10942099990084611,0.4719755783627566,0.08937189809422537,1.0112897823986997,1.2719094296569782,0.03534591180667659,0.06295786856036416,0.05149019846094248,1.0117553732402238,0.8071441849108925,0.027789554157674246,0.043373317909542845,0.05764519500078847,0.04083456545401119,0.03037146635783124,0.03674278343090512,0.022373087847604636,0.04301129604509514,0.0665853047582243,0.06407461275153971,0.0468023285622437,0.07978769958770175,0.027452208107656854,0.02601780427139725,0.029686837488532663,0.02535863171853702,0.02239995098571534,0.045188636726123006,0.02360052586310963,0.054399475678979264,0.049527682719817716,0.02812763103691909,0.03510905182457523,0.030436308271188713,0.03415570452385111,0.3040955141315611,0.08951053875935912,0.2780009432826991,0.06335667803694363,0.7985116910606653,1.0367466929431792,0.025790438921631364,0.04540956502451375,0.041175957130694135,0.6311456282219764,0.5831750693855599,0.27995977930358174,0.08183229394295725,0.2814778903818232,0.07826284530654143,0.8299926110225471,0.9971389977103641,0.032272729412854195,0.049169752220338495,0.04478106738091317,0.661895470100696,0.35583347353680306
16,0.2121645434800608,0.07046563258221977,0.18351085974552778,0.033584669680735445,0.4905645052584657,0.5742762839389157,0.030847315120359015,0.03708548184598465,0.03996377283921604,0.4100152548121326,0.29272862666130994,0.04877790996600038,0.03851235509198132,0.048700829613941385,0.026057225155662993,0.10051837858437727,0.09463121521848075,0.033063613769764105,0.0805097841926217,0.07044986848266747,0.17620497094508222,0.046865053972518854,0.5275798904502579,0.08438709464110053,0.5908722429740384,0.6528612559981272,0.03474051421919896,0.0563898969488928,0.05934806816685604,0.3340225234487749,0.27333547039814443,0.017815379568753016,0.012596082475941262,0.03592674349919387,0.11196059482640912,0.09116830412254431,0.0559285049327586,0.06413986581781383,0.01814264425745219,0.026558134942575577,0.03506206137412713,0.6538688956480476,0.11664262694386308,0.686060830807826,0.1547497684591403,1.3164174826486583,1.6919743543073986,0.03546085314555708,0.08206374918226249,0.05535955523985631,1.2173636590324601,1.0615486713181086,0.45789892685679917,0.10683546650580236,0.46319003628197286,0.09387262505429714,1.092312846990795,1.2090041053081997,0.032658195108411364,0.05892843251634281,0.05165745581170407,1.0429368676478845,0.800996738141888,0.028218542799326788,0.04326574707686502,0.05569030034291307,0.04034016661288252,0.029508708192345776,0.03597474621697534,0.021818639532827012,0.04333313681041954,0.06883435670471892,0.0642669595286968,0.04529362580373387,0.07972550262695885,0.027221900506307375,0.025352949349160204,0.028114011350650073,0.02474527714177883,0.021771940479631453,0.044720208880293065,0.022311567371116326,0.051478692572802395,0.04711543724618629,0.027330092617599985,0.03445747625628862,0.0296328441596393,0.032713845590118903,0.3163215911960498,0.0886326038380662,0.2995439109325311,0.06982086034058903,0.8293322104208436,1.0828939014645642,0.023874740022127444,0.048689313397797404,0.041491269122132676,0.622145035706538,0.5976197477525108,0.2651562834583416,0.08189807004885682,0.26978455856146727,0.07525012058842638,0.7926930215411199,1.0314675003131573,0.03247655429090282,0.045957117183552956,0.04529135069202043,0.6612529876021176,0.3419267371212743
