epoch,stage,graph_weight,validation_reconstruction,neighbor_distance,random_distance,total,reconstruction,graph,sparse,group,Z_entropy,effective_active_programs,mean_per_cell_effective_programs,singular_max,singular_min,near_constant_fraction,Z_variance_1,Z_variance_2,Z_variance_3,Z_variance_4,Z_variance_5,Z_variance_6,Z_variance_7,Z_variance_8,Z_variance_9,Z_variance_10,Z_variance_11,Z_variance_12,Z_variance_13,Z_variance_14,Z_variance_15,Z_variance_16
1,warmup,0.0,2.181733345868581,0.13135066628456116,1.2759536504745483,1.2812699873630817,1.279994685283074,0.0,0.9980729690881875,0.2772276310278819,0.16122876252405133,4.126254984962499,1.221578734627514,36.53390622327651,0.012440081435168181,0.0,0.012509408251028491,0.11964368417663607,3.431647843986454e-06,0.19174977119037265,0.00020504951813367942,0.12133972416552209,4.312323340977388e-06,2.7261437174035373e-07,3.270803261332879e-05,2.974887125277924e-06,1.61295365966249e-06,4.626306777185444e-05,0.1945878510014939,8.537295440941772e-07,0.0003864814855032068,1.961279638530492e-06
2,warmup,0.0,2.054461897017706,0.09677411615848541,1.291669249534607,1.1639747293178853,1.1627028755041269,0.0,0.9884234046936036,0.28342972727922294,0.22835835932379397,4.936201350454378,1.3289647973825605,32.59450488342163,0.004172019486059831,0.0625,0.05967909654290052,0.1569808289460935,1.1478605669167983e-06,0.17229284698972752,0.0020888161237745174,0.13285753205197173,9.505771125801591e-07,6.213728819832515e-08,6.323823987307624e-06,8.210516920060026e-06,1.854503580588966e-07,0.0002773589242243398,0.1243237715357819,0.0002121217793357827,0.0012320396675468473,6.490029825489581e-09
3,warmup,0.0,1.9537610776358505,0.07623602449893951,1.1004027128219604,1.0486878318053026,1.0474250789789052,0.0,0.965872702231774,0.2968827958748891,0.44325257227944204,5.643642028283865,1.7120152969199773,29.903490766825016,0.0047531225496197085,0.0625,0.05851502409739287,0.14604647280466815,3.009769209100435e-08,0.13286777368419184,0.004692485334583642,0.10897795648579554,1.8878841707048302e-06,8.029620012368949e-09,2.8045463001830603e-08,0.00274238391556028,5.6972058536564685e-06,0.002716045980303079,0.0930585701183087,1.0302501715949658e-05,0.003576811845058983,6.709317210396786e-08
4,warmup,0.0,1.8907044162254714,0.06271575391292572,0.9621832370758057,0.9710414998347943,0.9697892784155332,0.0,0.9379506300045893,0.3142704225044984,0.6690011697099185,7.206821895791558,2.1933267118154105,27.16566933219902,0.0025993879632124723,0.125,0.05099065574606658,0.11846810857340191,0.0005344333917799581,0.10497322452298634,0.011485653981457447,0.08609603415441441,0.004148309887728314,5.7626867181713506e-08,2.2105172944150625e-09,0.011189981570033437,3.6759778757375143e-07,0.00558284620843097,0.07909135245586536,1.8151409276715247e-05,0.009200624785076795,4.960465037888167e-09
5,warmup,0.0,1.8541683594280247,0.062119465321302414,0.8932937383651733,0.9181727823844322,0.9169330135675577,0.0,0.9020692549302027,0.3376999411216149,0.8148759952630338,9.002663506405785,2.528137549385021,23.894080891749514,0.0013186115748036837,0.125,0.04289589180785788,0.10273410084813911,0.0036505159430042008,0.07618926286223678,0.02918838763854634,0.06717112370051972,0.025671933663346757,3.75728949968892e-09,4.803562773234458e-10,0.015752657600756996,2.3656352196282994e-05,0.006812348470056384,0.06035171651719518,6.608904711387919e-05,0.015926368942153244,7.927790374767915e-08
6,warmup,0.0,1.8261103225730435,0.05610553175210953,0.8338018655776978,0.8753272437132322,0.874099828188236,0.0,0.8592868722402133,0.36812925329575175,0.9419127823714746,10.42867974803495,2.908203948904357,22.476788784188383,0.01918811243242345,0.0,0.03753888407091695,0.09327347764933062,0.007511705029241788,0.07183193881822202,0.02858839654247225,0.05805007447941307,0.029019599241631937,1.0277543102683409e-07,1.0657366294677039e-05,0.015617325026201586,0.0006796078089493078,0.008548399406628408,0.049788097582283294,0.003421617809078972,0.01388306846634651,5.426644031999077e-05
7,warmup,0.0,1.8096197891434807,0.05436158552765846,0.7798690795898438,0.8519385718382322,0.8507232257036063,0.0,0.8246309890196873,0.39071574843846835,1.0427118698985727,11.913901594835298,3.2321586183159305,21.179493521271446,0.008934830233313738,0.0,0.037023389837061674,0.08491388099976985,0.01454051921953827,0.06163281653978436,0.023490029384171256,0.05239378986490467,0.02617076836060991,1.9939766879416503e-08,0.00330577915939374,0.010301910127190712,0.0012573509672610004,0.00937728397219672,0.04201291024798655,0.008553171856875789,0.015017841078820373,0.0015966215125998574
8,warmup,0.0,1.7946228498933168,0.057958751916885376,0.7420198917388916,0.8338654769383944,0.8326647576918969,0.0,0.7876556581717271,0.4130658940627025,1.1077946599290986,13.097914922274464,3.474260069583103,20.34221949154204,0.41589210657130643,0.0,0.03197980269733643,0.07848110121718584,0.012221206124596979,0.05176213622487902,0.018740454300835912,0.046412462706177146,0.020337813434273946,4.2370553246312745e-05,0.013880711303431076,0.007407415578775261,0.007389151580371173,0.013277494315642,0.036592274804713436,0.015447363499768108,0.01143987263351844,0.006852377235701217
9,warmup,0.0,1.7770018076269603,0.06270404160022736,0.7010895013809204,0.8125677071167873,0.8113838095848377,0.0,0.7422249713310829,0.44167392084231744,1.1887820120249057,14.244568823950587,3.791633598852589,18.87349672396794,4.054080217946522,0.0,0.03143195879350286,0.06625586220394618,0.010252947280052596,0.043200755624158364,0.01942145918546152,0.042029742295344716,0.016283371009174704,0.01135374464988145,0.01818956331526716,0.006316325777392271,0.007619612697813832,0.012577081817495424,0.03325840753588634,0.017152012776748524,0.011442331611896063,0.005164132469616758
10,warmup,0.0,1.757187459424422,0.06082936376333237,0.659805953502655,0.7945819520950317,0.7934118101230034,0.0,0.7023604456277994,0.4677802411868022,1.2445065612688042,14.479284471753544,4.035499636741293,18.123770853510692,4.230496847107706,0.0,0.028289660666557394,0.056999303787016085,0.009679456532800822,0.03966456530035727,0.015968985146240986,0.04316922518116197,0.013346528340227546,0.015352594022993134,0.015128118327196538,0.005807056498826174,0.00839563488771902,0.011214668115922108,0.0294849443283437,0.02117595455613663,0.010564133713012255,0.007095636075231109
11,warmup,0.0,1.7527895461540324,0.06405261158943176,0.6334807872772217,0.7814604880259587,0.7803009666846349,0.0,0.6708102499521695,0.4887108545578443,1.273471043903136,14.39925814399794,4.149841944576387,18.165122644988916,4.144153205762889,0.0,0.026355586275798832,0.052250348684044344,0.009544125083858629,0.03493587373163222,0.013463416381011159,0.04626551812767145,0.013580380874019839,0.019321853811904755,0.014163245959242555,0.005323121128658368,0.008058291527893847,0.01175379717109835,0.029018942081782732,0.016372532584384897,0.009237792681245983,0.008365026699774568
12,warmup,0.0,1.7433163391118036,0.06030811369419098,0.594011664390564,0.7732987908216623,0.7721477923943446,0.0,0.6471466661416567,0.5038525067384426,1.3126673647647955,14.142600466088174,4.29459446301396,18.555459938037956,3.7470890653191007,0.0,0.026863577989236536,0.048480991283231814,0.009012842724706305,0.028817296220472993,0.011176047226283079,0.04785512868240619,0.011536175603991939,0.021149788632170652,0.012573548174941161,0.0043493206460039555,0.007917554362982696,0.011380376477395345,0.028014773656913634,0.012314305023750829,0.009874084159668315,0.007517520632462992
13,warmup,0.0,1.7442017123282618,0.06050427258014679,0.5894088745117188,0.7678393929738265,0.7666952435786908,0.0,0.6292007670952724,0.5149482864599961,1.3217442992054296,14.198416239880626,4.333525942210336,18.574382906593108,3.870651578172805,0.0,0.02650396677684243,0.04897369998917572,0.010709104008204382,0.023760506186966356,0.009965868661797519,0.05034929137574969,0.009380094988774223,0.019239191500937256,0.013661552690054818,0.004579719033404084,0.008788213106870975,0.01518578390928843,0.026721153309706588,0.011362416730206566,0.008634382765637938,0.008580532574219221
14,warmup,0.0,1.7374320790944244,0.06124650314450264,0.5684470534324646,0.7636527409003331,0.7625142282706041,0.0,0.6147915640244117,0.5237215703267317,1.3318658766583946,13.752646307336828,4.361262203887579,19.103734872370993,3.5572281845460756,0.0,0.02420120788777249,0.048225105970916726,0.009123503566537357,0.02395426725119023,0.009127586437173072,0.04928247471051862,0.008322158719671562,0.023232687785759775,0.012013079663141012,0.0038053848770486644,0.008005024228716495,0.012785252698287805,0.027244762910020728,0.010089418390359822,0.00953593559199993,0.007104412728480841
15,warmup,0.0,1.7519990144996838,0.06430727243423462,0.5706247091293335,0.7600479379984049,0.758914380807143,0.0,0.6025385279838855,0.5310182376091297,1.33273454363183,13.846949798827255,4.371726825264121,18.990496546203154,3.5968217360286867,0.0,0.02561634698017663,0.04933889929371001,0.010166600977369808,0.020835950349526632,0.00864189045670875,0.049851258015220064,0.009087294187772406,0.021829743123549242,0.012062781235870379,0.003911250091439077,0.008494495404257865,0.015319254816329168,0.02550870157845305,0.010175221631223334,0.008821763058298102,0.007117068097667579
16,geometry,0.001,1.7500799432754195,0.06281890720129013,0.5532492399215698,0.7569107739923745,0.7557263548557575,0.055512353649411296,0.5914362624058357,0.5374704671823062,1.346033512024063,13.675622560197558,4.3967579887706725,19.206033214527253,3.764116531449934,0.0,0.023151013055870962,0.04714990353720575,0.013091627530177896,0.019403634463718233,0.007809331637481771,0.04694654585413934,0.007610903660071415,0.02237743746512508,0.011520363197062521,0.004354533952224598,0.008089799936017075,0.01567842413080219,0.024926292920058834,0.010424885693349088,0.008821624078879894,0.006083236851254007
17,geometry,0.002,1.7550109724916985,0.06165190041065216,0.5405274629592896,0.7535341512029794,0.7522984939355116,0.05560014447866621,0.5809590894442338,0.5434978382404034,1.3650371469467295,13.67640361778345,4.454685044477799,19.17755191977495,3.641722934725803,0.0,0.023639250591793417,0.04141790961933267,0.01574158311807557,0.019263977993568458,0.0068984310315965075,0.04534646999320666,0.00751753365865244,0.022864027254959222,0.011088519342760594,0.00399905743923436,0.00861312485415437,0.014425299029008215,0.025140323848570848,0.00894367782037502,0.009168017970571922,0.006033207501270509
18,geometry,0.003,1.764710763933855,0.05776131898164749,0.525590717792511,0.7460833560760469,0.7448060496036824,0.05269325801039947,0.5688656282424926,0.5503610174472515,1.3800474639750064,13.698442114083342,4.488994423244838,19.104717550052154,3.6291839396268335,0.0,0.023082577126525426,0.03949304612613109,0.025994550202541385,0.016499479550225692,0.006083502177694135,0.03162828201844705,0.007360691561844203,0.02273501922383629,0.01080033383353729,0.0038030677710922008,0.008572092970347419,0.016109824118419793,0.024976794764158615,0.009303349698097513,0.008509645230809392,0.007037941737019372
19,geometry,0.004,1.7456493321609945,0.05510818585753441,0.5112208127975464,0.7347742627524732,0.733458439386808,0.05069204712224264,0.5553223036802732,0.5577328207859626,1.3897770051141063,13.522195261052158,4.522914047562258,19.490625045128304,3.596482721337614,0.0,0.023011996613386067,0.03899686591803507,0.026947647309162423,0.018257657106332273,0.006096705373965699,0.02670580270320555,0.00636394056742733,0.02376505135933205,0.010977199718665174,0.0037690130896189176,0.008279436146353063,0.014038690795050929,0.022986070619485276,0.009067211487848535,0.008502210879970924,0.00620174530773067
20,geometry,0.005,1.7681605549158739,0.05568525195121765,0.5032581090927124,0.7281345541980339,0.7267766079535851,0.05008240191055864,0.5442663759451646,0.5632678055763245,1.391501953552322,13.377321136542955,4.523679795056317,19.910937621692685,3.709217995515255,0.0,0.021015565044303967,0.03938900031249288,0.024094661627904024,0.016067909361308017,0.006700880720401918,0.02512331301822397,0.006748893951078262,0.02531572426060189,0.01104462135591869,0.004052281786229467,0.008704076323965573,0.016177355484666464,0.02279239164370235,0.008432208819764853,0.008207807694268507,0.0058171068249819645
21,geometry,0.006,1.7579300972476908,0.054348185658454895,0.507077693939209,0.7245774442048047,0.7231720656615037,0.05040858678411129,0.535770459817006,0.5671565109032851,1.39484378262346,13.467171222403577,4.542305401713445,19.693726494296445,3.5093960440421568,0.0,0.022412419318146793,0.037639376139848114,0.02465074349618105,0.016775920674995518,0.006988094429160428,0.023970476502926833,0.0066505274645349815,0.025410994134601506,0.011433661712659348,0.0034545844335451366,0.009241664794623565,0.01641409910732024,0.023485254622397148,0.008882254418016296,0.007455106273696961,0.006830517882033859
22,geometry,0.006999999999999999,1.7647948680461234,0.055111613124608994,0.4967062473297119,0.7223323606359432,0.7208824811531948,0.05010726905174485,0.5291306337943444,0.5699979135623345,1.3992055498853624,13.344892116603644,4.54712322027552,20.02839416049138,3.8162928130103566,0.0,0.021928407565610885,0.03801877206609507,0.023315906822071835,0.015782018724672803,0.006068665435187099,0.02329339542147016,0.007019707117353052,0.025247290500786244,0.010375017999068311,0.004457572228713643,0.00853159076731767,0.015396634012565307,0.024708186548522568,0.008868385393540729,0.008535873771695113,0.005566180681962495
23,geometry,0.008,1.7465828788568132,0.05387330800294876,0.49093136191368103,0.7208246777431343,0.7193268363292401,0.05023173460527379,0.5236934530735016,0.5722940324820005,1.4008011409234933,13.161970822610924,4.552145192376448,20.286920457436356,3.5939480295866875,0.0,0.021196143163795127,0.037709363113736655,0.023547488105935464,0.016113211459130434,0.006250622302307058,0.023222586752704662,0.006490794994327327,0.024930553129935838,0.011849216051519382,0.0036925033033863236,0.009579886165842204,0.01545742210275518,0.023706343207693135,0.007872681468545159,0.006503851488840881,0.005382361027447436
24,geometry,0.009000000000000001,1.7595831861154496,0.05511784553527832,0.4835815131664276,0.719730220612583,0.7181822622739352,0.05052448940045354,0.5191402104267707,0.5740976708668929,1.4090287277447464,13.158341761084344,4.580139075899514,20.3501777363988,3.7988002755883796,0.0,0.02146947444343194,0.03730922927371649,0.022099870705378496,0.0176540805489348,0.0063059663180638345,0.022639428404341546,0.005940380947168818,0.02588102783008891,0.00979194137417632,0.004125021916224981,0.008974961048684928,0.013728652442949133,0.02248743443126359,0.008281343016487598,0.007903254517251216,0.0054282506098889205
25,geometry,0.01,1.7667316671220603,0.05600236356258392,0.48378169536590576,0.7189214737190033,0.7173287257781396,0.05016180194693453,0.5152487771327678,0.575881093098567,1.4030505482637057,13.096078936259193,4.5434322712920014,20.532085853410052,3.716441336943096,0.0,0.02015930695869384,0.03680529388134573,0.021679469531699136,0.01820710409672356,0.006195776371493408,0.021754892234701236,0.006468273409951007,0.026406381500687873,0.010142579943098452,0.004026716871675892,0.010182474013206842,0.013606781104673818,0.02222845582426215,0.009615121731011637,0.0072891185125819455,0.00515191139294488
