method,seed_a,seed_b,ARI,NMI,program_matched_cosine
Composition-only,40700,40701,0.2832514253237829,0.5806376232042555,
Composition-only,40700,40702,0.3581847334654462,0.673477910739544,
Composition-only,40700,40703,0.3439081043635684,0.6800623418075269,
Composition-only,40700,40704,0.31051561390359833,0.6031486457125486,
CCC-flat,40700,40701,0.754817401875703,0.8641679052367031,
CCC-flat,40700,40702,0.7851339232982024,0.8727868278069908,
CCC-flat,40700,40703,0.714665541264521,0.8455362122344244,
CCC-flat,40700,40704,0.8297460355754642,0.8836495741996778,
CCC-autoencoder-no-prior,40700,40701,0.43419540363322,0.672055405339909,0.7397371530532837
CCC-autoencoder-no-prior,40700,40702,0.461748472066553,0.6815113553578879,0.7671476602554321
CCC-autoencoder-no-prior,40700,40703,0.48893751042730377,0.7072849645314607,0.7557691335678101
CCC-autoencoder-no-prior,40700,40704,0.42364821499670585,0.6771472471235458,0.7550246715545654
CCC-tensor,40700,40701,0.5096494501029603,0.7002967031727736,0.8285447955131531
CCC-tensor,40700,40702,0.4819686125838946,0.6977120250836315,0.7646067142486572
CCC-tensor,40700,40703,0.5640806050608806,0.7449718553327264,0.8303378820419312
CCC-tensor,40700,40704,0.5551105054823812,0.733893966208572,0.8217611908912659
Proposed,40700,40701,0.5011194242978286,0.6741390940261114,0.8285447955131531
Proposed,40700,40702,0.522127243115684,0.6999094949043888,0.7646067142486572
Proposed,40700,40703,0.6249002959554111,0.7492216065262219,0.8303378820419312
Proposed,40700,40704,0.5329186321272876,0.711425383555847,0.8217611908912659
Composition-only,40701,40702,0.4278058991249245,0.6554035752336195,
Composition-only,40701,40703,0.35561291893050767,0.6111262011895708,
Composition-only,40701,40704,0.37309857920763706,0.6523313436240813,
CCC-flat,40701,40702,0.8015075482995033,0.8685268171979625,
CCC-flat,40701,40703,0.7901542498751174,0.8667881946308864,
CCC-flat,40701,40704,0.7527830814668367,0.8563125578086862,
CCC-autoencoder-no-prior,40701,40702,0.5470997096513994,0.7266920673224302,0.843076229095459
CCC-autoencoder-no-prior,40701,40703,0.573296056598033,0.7534161673020594,0.9060897827148438
CCC-autoencoder-no-prior,40701,40704,0.5927220345195087,0.7361966474690127,0.8461737632751465
CCC-tensor,40701,40702,0.5573627839523841,0.7548336175346171,0.9171390533447266
CCC-tensor,40701,40703,0.5439208234659628,0.7223028508962565,0.8668597936630249
CCC-tensor,40701,40704,0.5052642281106031,0.7054019077607442,0.8328665494918823
Proposed,40701,40702,0.5842056437197224,0.7212161435687667,0.9171390533447266
Proposed,40701,40703,0.5279179530669884,0.6825348222367491,0.8668597936630249
Proposed,40701,40704,0.5842125277033217,0.7026838440537577,0.8328665494918823
Composition-only,40702,40703,0.387022823299805,0.6930445847049927,
Composition-only,40702,40704,0.3748861362229931,0.6558368425068567,
CCC-flat,40702,40703,0.7919249386018854,0.8703935581471628,
CCC-flat,40702,40704,0.7542156973391564,0.860242786468236,
CCC-autoencoder-no-prior,40702,40703,0.5028845854691818,0.7112498188319831,0.7900452613830566
CCC-autoencoder-no-prior,40702,40704,0.4802548872002238,0.6915958434860681,0.777400016784668
CCC-tensor,40702,40703,0.53228918518678,0.7299034989090594,0.8462570905685425
CCC-tensor,40702,40704,0.5037998941045553,0.7093648099086795,0.7979837656021118
Proposed,40702,40703,0.5938653845167795,0.729114553610408,0.8462570905685425
Proposed,40702,40704,0.5862934763607246,0.712583151699249,0.7979837656021118
Composition-only,40703,40704,0.2990173112400531,0.5905504682052962,
CCC-flat,40703,40704,0.6917163634205182,0.8345732885165834,
CCC-autoencoder-no-prior,40703,40704,0.4992173108888316,0.7214657084032985,0.8211250305175781
CCC-tensor,40703,40704,0.5154655684660143,0.7237138996279444,0.821127712726593
Proposed,40703,40704,0.5494031731200583,0.7100962302463246,0.821127712726593
