niche_id	sample_id	program	n_spots	mean_program_activity	mean_smoothed_activity	hotspot_threshold
HCC-1L|P1|N1	HCC-1L	P1	12	2.6365519098851085	1.864895407783816	1.2573250195890338
HCC-1L|P1|N6	HCC-1L	P1	30	2.707324417136381	1.9701884531402067	1.2573250195890338
HCC-1L|P1|N9	HCC-1L	P1	10	2.6971728530067436	1.8564490403115568	1.2573250195890338
HCC-1L|P1|N10	HCC-1L	P1	12	2.444795736311247	1.744598971778256	1.2573250195890338
HCC-1L|P1|N17	HCC-1L	P1	14	2.961313644760064	2.112369857694703	1.2573250195890338
HCC-1L|P1|N37	HCC-1L	P1	17	2.5359124589661883	1.809400425546708	1.2573250195890338
HCC-1L|P2|N3	HCC-1L	P2	13	1.6478066257699582	1.3718236886324036	0.8556907696308821
HCC-1L|P2|N5	HCC-1L	P2	21	1.5738459530314903	1.346853560237087	0.8556907696308821
HCC-1L|P2|N6	HCC-1L	P2	10	1.5728283920016168	1.160419120527644	0.8556907696308821
HCC-1L|P2|N8	HCC-1L	P2	14	1.6665573253785395	1.3003031664820512	0.8556907696308821
HCC-1L|P2|N14	HCC-1L	P2	16	1.763590689166937	1.5172587493840728	0.8556907696308821
HCC-1L|P2|N24	HCC-1L	P2	10	1.4320470627974966	1.110288833341238	0.8556907696308821
HCC-1L|P2|N38	HCC-1L	P2	10	1.5717730600890056	1.2891282992040485	0.8556907696308821
HCC-1L|P3|N3	HCC-1L	P3	42	1.8746479503691142	1.593258455914697	1.0050281680402957
HCC-1L|P3|N5	HCC-1L	P3	11	1.9219420346609881	1.4521771489400745	1.0050281680402957
HCC-1L|P3|N7	HCC-1L	P3	17	2.1311156376878677	1.6668060949768255	1.0050281680402957
HCC-1L|P3|N12	HCC-1L	P3	16	2.049673666624583	1.7636006292289745	1.0050281680402957
HCC-1L|P3|N20	HCC-1L	P3	11	1.8725905227917716	1.4506131972993999	1.0050281680402957
HCC-1L|P3|N34	HCC-1L	P3	12	1.712209917249729	1.560580864660616	1.0050281680402957
HCC-1L|P4|N1	HCC-1L	P4	32	1.8592921588676725	1.675125750729747	0.7087772663361532
HCC-1L|P4|N4	HCC-1L	P4	30	2.529582573965381	2.298872770377405	0.7087772663361532
HCC-1L|P4|N8	HCC-1L	P4	10	1.97338716526165	1.4795085287984904	0.7087772663361532
HCC-1L|P4|N13	HCC-1L	P4	19	2.09693087621404	1.8531127450119926	0.7087772663361532
HCC-1L|P4|N26	HCC-1L	P4	10	2.131992822566164	1.9812860212543613	0.7087772663361532
HCC-1L|P5|N3	HCC-1L	P5	25	0.11972275058829059	0.11730143150676053	9.736264386451383e-06
HCC-1L|P5|N4	HCC-1L	P5	18	0.1690217024232707	0.1690374333063678	9.736264386451383e-06
HCC-1L|P5|N5	HCC-1L	P5	94	0.25060093111435605	0.25059884837702906	9.736264386451383e-06
HCC-1L|P5|N6	HCC-1L	P5	14	0.1497127653349394	0.14971276533493935	9.736264386451383e-06
HCC-1L|P5|N7	HCC-1L	P5	13	0.2189001504461068	0.21890015044610678	9.736264386451383e-06
HCC-1L|P5|N8	HCC-1L	P5	10	0.0011353059540639416	0.0011353059540639416	9.736264386451383e-06
HCC-1L|P5|N9	HCC-1L	P5	17	0.6702696942902693	0.6702697007927388	9.736264386451383e-06
HCC-1L|P5|N10	HCC-1L	P5	15	0.229966452200295	0.23025110307409583	9.736264386451383e-06
HCC-1L|P5|N11	HCC-1L	P5	13	0.0005607391451449386	0.00056074166590934	9.736264386451383e-06
HCC-1L|P5|N15	HCC-1L	P5	10	0.0010417962380650126	0.001041795553122998	9.736264386451383e-06
HCC-1L|P6|N3	HCC-1L	P6	10	0.516808698388803	0.516808698388803	3.92964377413839e-09
HCC-1L|P6|N4	HCC-1L	P6	30	0.30262096192971544	0.3026209793616223	3.92964377413839e-09
HCC-1L|P6|N6	HCC-1L	P6	10	0.5128408500645433	0.5128408500645434	3.92964377413839e-09
HCC-1L|P6|N10	HCC-1L	P6	13	0.4461656937108511	0.4461656937108511	3.92964377413839e-09
HCC-1L|P6|N12	HCC-1L	P6	34	0.1978677106454048	0.19573230441447376	3.92964377413839e-09
HCC-1L|P6|N13	HCC-1L	P6	14	7.430169276188158e-07	7.424382848114585e-07	3.92964377413839e-09
HCC-1L|P6|N15	HCC-1L	P6	12	1.298743178109137e-08	1.208942606301883e-08	3.92964377413839e-09
HCC-1L|P6|N24	HCC-1L	P6	10	7.876704830874947e-07	7.877338279179021e-07	3.92964377413839e-09
HCC-2L|P1|N3	HCC-2L	P1	29	1.0270167308505458	0.955353943530877	0.28617241448163866
HCC-2L|P1|N6	HCC-2L	P1	10	0.983775001396868	0.8936172428573833	0.28617241448163866
HCC-2L|P1|N7	HCC-2L	P1	10	0.7186166068001821	0.7186166068001822	0.28617241448163866
HCC-2L|P1|N9	HCC-2L	P1	16	1.3447594949608275	1.193940988685363	0.28617241448163866
HCC-2L|P1|N10	HCC-2L	P1	14	1.2745221201977095	1.157512966440976	0.28617241448163866
HCC-2L|P1|N11	HCC-2L	P1	10	0.7054948692339433	0.7054948692339433	0.28617241448163866
HCC-2L|P1|N12	HCC-2L	P1	14	0.881991988018857	0.8002723902948174	0.28617241448163866
HCC-2L|P1|N13	HCC-2L	P1	22	1.0875737229275682	0.9716626044651815	0.28617241448163866
HCC-2L|P1|N14	HCC-2L	P1	21	0.9633042938486931	0.8760397845637689	0.28617241448163866
HCC-2L|P1|N21	HCC-2L	P1	10	1.4091820901677528	1.1135321613801854	0.28617241448163866
HCC-2L|P1|N23	HCC-2L	P1	10	0.7189481909638704	0.7189481909638705	0.28617241448163866
HCC-2L|P1|N25	HCC-2L	P1	10	0.7405682884480698	0.7405682884480698	0.28617241448163866
HCC-2L|P1|N31	HCC-2L	P1	13	1.1132255439953505	0.9396032181584972	0.28617241448163866
HCC-2L|P1|N37	HCC-2L	P1	14	0.9627494374313745	0.8954007063268755	0.28617241448163866
HCC-2L|P1|N38	HCC-2L	P1	11	1.0692092798638353	0.9696697503019718	0.28617241448163866
HCC-2L|P1|N51	HCC-2L	P1	13	1.0475912929802473	0.8838015372848508	0.28617241448163866
HCC-2L|P1|N52	HCC-2L	P1	10	0.7032131504733327	0.744229667063995	0.28617241448163866
HCC-2L|P2|N2	HCC-2L	P2	24	1.548643372496005	1.3076485536687847	0.9037187085241041
HCC-2L|P2|N4	HCC-2L	P2	17	1.5429944617227513	1.3104089337107174	0.9037187085241041
HCC-2L|P2|N7	HCC-2L	P2	13	1.5273307644074874	1.2930325766779556	0.9037187085241041
HCC-2L|P2|N11	HCC-2L	P2	17	1.5139310897789633	1.355458354315646	0.9037187085241041
HCC-2L|P2|N12	HCC-2L	P2	26	1.3660173458840044	1.1787415749142953	0.9037187085241041
HCC-2L|P2|N19	HCC-2L	P2	16	1.3318740583160469	1.0813183886473197	0.9037187085241041
HCC-2L|P2|N21	HCC-2L	P2	18	1.7616634271366993	1.4453074541432906	0.9037187085241041
HCC-2L|P2|N22	HCC-2L	P2	32	1.5794416185077922	1.273872414664469	0.9037187085241041
HCC-2L|P2|N26	HCC-2L	P2	11	1.5206357919648505	1.3262888238275905	0.9037187085241041
HCC-2L|P2|N28	HCC-2L	P2	17	1.5207196210327225	1.3005408418264213	0.9037187085241041
HCC-2L|P2|N33	HCC-2L	P2	10	1.2416165875746061	1.1605657356996228	0.9037187085241041
HCC-2L|P2|N34	HCC-2L	P2	10	1.4027644648864235	1.229815042342743	0.9037187085241041
HCC-2L|P2|N38	HCC-2L	P2	10	1.321470872701504	1.0992013280120847	0.9037187085241041
HCC-2L|P2|N52	HCC-2L	P2	11	1.4511734375800558	1.2244372654996238	0.9037187085241041
HCC-2L|P3|N3	HCC-2L	P3	24	1.8212940224650545	1.536448245141776	1.0666446490083556
HCC-2L|P3|N5	HCC-2L	P3	17	1.7995181930419113	1.5373488757281062	1.0666446490083556
HCC-2L|P3|N8	HCC-2L	P3	39	1.7537431719668344	1.5376242698337823	1.0666446490083556
HCC-2L|P3|N12	HCC-2L	P3	26	1.6240229807339526	1.400713299034116	1.0666446490083556
HCC-2L|P3|N18	HCC-2L	P3	18	1.587368585767847	1.2982544216578427	1.0666446490083556
HCC-2L|P3|N20	HCC-2L	P3	32	1.8856295717742633	1.5208117776380443	1.0666446490083556
HCC-2L|P3|N25	HCC-2L	P3	12	1.736352193726855	1.5268746404549096	1.0666446490083556
HCC-2L|P3|N27	HCC-2L	P3	16	1.879297321987005	1.5447161785066654	1.0666446490083556
HCC-2L|P3|N31	HCC-2L	P3	17	2.068624129586695	1.6759172655866212	1.0666446490083556
HCC-2L|P3|N33	HCC-2L	P3	15	1.3841662007646367	1.2800528241801128	1.0666446490083556
HCC-2L|P3|N34	HCC-2L	P3	10	1.6632695751672197	1.4521546178165745	1.0666446490083556
HCC-2L|P3|N47	HCC-2L	P3	10	1.6490220146853116	1.4446589364016789	1.0666446490083556
HCC-2L|P3|N50	HCC-2L	P3	12	1.6492856222158947	1.4095371085244988	1.0666446490083556
HCC-2L|P4|N2	HCC-2L	P4	10	0.5838559053222108	0.5838559053222108	0.23904802038527345
HCC-2L|P4|N4	HCC-2L	P4	17	0.8512507720243018	0.8336047343470777	0.23904802038527345
HCC-2L|P4|N7	HCC-2L	P4	10	1.5589031541991556	1.4161368461357857	0.23904802038527345
HCC-2L|P4|N10	HCC-2L	P4	14	0.8089072839816953	0.690486262263618	0.23904802038527345
HCC-2L|P4|N11	HCC-2L	P4	14	0.9368404108838924	0.8523853960911321	0.23904802038527345
HCC-2L|P4|N13	HCC-2L	P4	14	0.9508293653166852	0.8489803371156964	0.23904802038527345
HCC-2L|P4|N14	HCC-2L	P4	21	0.9733227568822627	0.880997892114488	0.23904802038527345
HCC-2L|P4|N21	HCC-2L	P4	10	0.8893644867791386	0.70867458872399	0.23904802038527345
HCC-2L|P4|N26	HCC-2L	P4	11	1.03329469851791	0.9820516957676059	0.23904802038527345
HCC-2L|P4|N28	HCC-2L	P4	13	0.813088409136469	0.8067541856079601	0.23904802038527345
HCC-2L|P4|N30	HCC-2L	P4	10	0.5906445224642862	0.5906445224642862	0.23904802038527345
HCC-2L|P4|N33	HCC-2L	P4	11	0.8949748876235074	0.7102086021750659	0.23904802038527345
HCC-2L|P4|N43	HCC-2L	P4	14	0.8129924377518414	0.6998348386454089	0.23904802038527345
HCC-2L|P4|N45	HCC-2L	P4	10	0.7682904327568465	0.7746929171930812	0.23904802038527345
HCC-2L|P4|N46	HCC-2L	P4	15	0.9633170852444056	0.8966883281664699	0.23904802038527345
HCC-2L|P5|N1	HCC-2L	P5	17	0.2410124412243429	0.2410124412243429	2.330972992186536e-06
HCC-2L|P5|N2	HCC-2L	P5	17	0.6197785502025893	0.6197784247635613	2.330972992186536e-06
HCC-2L|P5|N3	HCC-2L	P5	18	0.20688787023776775	0.20688787023776775	2.330972992186536e-06
HCC-2L|P5|N4	HCC-2L	P5	71	0.35006227145490537	0.3500622177097975	2.330972992186536e-06
HCC-2L|P5|N5	HCC-2L	P5	17	0.17007515974774234	0.17007515974774232	2.330972992186536e-06
HCC-2L|P5|N6	HCC-2L	P5	15	0.20466866910972337	0.20466864147613603	2.330972992186536e-06
HCC-2L|P5|N7	HCC-2L	P5	15	0.28878832040804425	0.3079648534825574	2.330972992186536e-06
HCC-2L|P5|N8	HCC-2L	P5	39	0.23544164694431094	0.23544146599112722	2.330972992186536e-06
HCC-2L|P5|N10	HCC-2L	P5	19	0.6368371105962598	0.6325629097300874	2.330972992186536e-06
HCC-2L|P5|N11	HCC-2L	P5	18	0.17562068892301824	0.1756437663125454	2.330972992186536e-06
HCC-2L|P5|N13	HCC-2L	P5	15	0.546990974287047	0.546990974287047	2.330972992186536e-06
HCC-2L|P5|N17	HCC-2L	P5	14	0.27507224210423137	0.27949919095921494	2.330972992186536e-06
HCC-2L|P5|N19	HCC-2L	P5	17	0.27101374876710055	0.27101374876710055	2.330972992186536e-06
HCC-2L|P5|N20	HCC-2L	P5	16	0.2666635566527672	0.2666635566527672	2.330972992186536e-06
HCC-2L|P5|N22	HCC-2L	P5	13	0.5535466214970557	0.5535466214970557	2.330972992186536e-06
HCC-2L|P5|N23	HCC-2L	P5	21	0.33193634313108344	0.31711254998036376	2.330972992186536e-06
HCC-2L|P5|N24	HCC-2L	P5	16	0.5594419120249019	0.5594419120249019	2.330972992186536e-06
HCC-2L|P5|N26	HCC-2L	P5	17	0.2444865491725734	0.23573215732343536	2.330972992186536e-06
HCC-2L|P5|N27	HCC-2L	P5	14	0.2074981319328872	0.20749768802249816	2.330972992186536e-06
HCC-2L|P5|N29	HCC-2L	P5	16	0.18696913780854896	0.18696913780854899	2.330972992186536e-06
HCC-2L|P5|N30	HCC-2L	P5	13	0.45570645704403145	0.45570645704403145	2.330972992186536e-06
HCC-2L|P5|N37	HCC-2L	P5	10	0.332822307516648	0.3391856820406642	2.330972992186536e-06
HCC-2L|P6|N3	HCC-2L	P6	19	1.928283858384885e-07	1.9282838583848853e-07	0.0
HCC-2L|P6|N4	HCC-2L	P6	16	0.26935129735681657	0.26935129735681657	0.0
HCC-2L|P6|N6	HCC-2L	P6	31	0.5011817219036979	0.5011817219036979	0.0
HCC-2L|P6|N7	HCC-2L	P6	10	0.3979105152671956	0.3979105152671956	0.0
HCC-2L|P6|N8	HCC-2L	P6	10	1.6350503400281652e-07	1.6350503400281654e-07	0.0
HCC-2L|P6|N9	HCC-2L	P6	12	8.491576358578547e-08	8.491576358578547e-08	0.0
HCC-2L|P6|N10	HCC-2L	P6	17	0.3393016506460459	0.3420415617931757	0.0
HCC-2L|P6|N17	HCC-2L	P6	13	0.3690251940245476	0.377507102503431	0.0
HCC-2L|P6|N18	HCC-2L	P6	13	0.46137094087029773	0.4613709408702977	0.0
HCC-2L|P6|N20	HCC-2L	P6	10	0.5850219788679576	0.5850219788679576	0.0
HCC-2L|P6|N22	HCC-2L	P6	10	0.4312924067138818	0.4312924067138817	0.0
HCC-2L|P6|N26	HCC-2L	P6	11	1.5730481107075046e-07	1.4943957051721292e-07	0.0
HCC-2L|P6|N29	HCC-2L	P6	10	0.43749429497643816	0.43749429497643816	0.0
HCC-2L|P6|N32	HCC-2L	P6	10	0.4116806540171131	0.415112800303031	0.0
HCC-2L|P6|N34	HCC-2L	P6	10	0.43052743651606595	0.459215135231111	0.0
HCC-2L|P6|N35	HCC-2L	P6	23	0.08468013071209354	0.08468013071209357	0.0
HCC-2L|P6|N37	HCC-2L	P6	10	0.3883114274006337	0.38831142740063374	0.0
HCC-3L|P1|N5	HCC-3L	P1	24	1.3187568950389899	1.1844429866765598	0.3505612708345687
HCC-3L|P1|N6	HCC-3L	P1	10	1.5376362130367578	1.4141991700342424	0.3505612708345687
HCC-3L|P1|N7	HCC-3L	P1	20	1.102802603980669	0.9248886563781908	0.3505612708345687
HCC-3L|P1|N9	HCC-3L	P1	11	1.1307204457006927	0.9752021333903003	0.3505612708345687
HCC-3L|P1|N12	HCC-3L	P1	31	0.7995456435026367	0.7640000181388282	0.3505612708345687
HCC-3L|P1|N14	HCC-3L	P1	22	1.3456854553294217	1.2829485080963672	0.3505612708345687
HCC-3L|P1|N15	HCC-3L	P1	20	0.840470657822651	0.7802661473324903	0.3505612708345687
HCC-3L|P1|N17	HCC-3L	P1	12	1.472643041014271	1.273259811466182	0.3505612708345687
HCC-3L|P1|N26	HCC-3L	P1	14	1.1937001693628904	1.0162542637974332	0.3505612708345687
HCC-3L|P1|N32	HCC-3L	P1	10	1.235026043728676	1.0814488304887306	0.3505612708345687
HCC-3L|P1|N33	HCC-3L	P1	12	1.7969113724084733	1.6185392819177429	0.3505612708345687
HCC-3L|P1|N38	HCC-3L	P1	11	0.9403580058879636	0.8378010604178828	0.3505612708345687
HCC-3L|P1|N41	HCC-3L	P1	11	1.195826881103678	1.045872965441037	0.3505612708345687
HCC-3L|P1|N50	HCC-3L	P1	10	1.2895503253801741	1.1474295977563556	0.3505612708345687
HCC-3L|P2|N3	HCC-3L	P2	14	2.0539283473426178	1.7951470732469748	1.3261779790656172
HCC-3L|P2|N4	HCC-3L	P2	27	1.7675274909817291	1.6625715191115846	1.3261779790656172
HCC-3L|P2|N5	HCC-3L	P2	24	1.8857874082974748	1.7487913057836877	1.3261779790656172
HCC-3L|P2|N7	HCC-3L	P2	20	1.7443862944666404	1.6090560954924218	1.3261779790656172
HCC-3L|P2|N11	HCC-3L	P2	11	2.014463059761697	1.7582254828502502	1.3261779790656172
HCC-3L|P2|N17	HCC-3L	P2	38	1.996444053055596	1.8328359178748588	1.3261779790656172
HCC-3L|P2|N19	HCC-3L	P2	13	2.109499728943078	1.8533827855085114	1.3261779790656172
HCC-3L|P2|N22	HCC-3L	P2	16	1.628229334513649	1.478534657330906	1.3261779790656172
HCC-3L|P2|N26	HCC-3L	P2	20	1.8553758261954663	1.6653597061973962	1.3261779790656172
HCC-3L|P2|N27	HCC-3L	P2	16	2.0197136786599725	1.7228034241251406	1.3261779790656172
HCC-3L|P2|N29	HCC-3L	P2	16	1.7981924019721802	1.65988894384959	1.3261779790656172
HCC-3L|P2|N31	HCC-3L	P2	24	2.0779858849062194	1.6560581327956119	1.3261779790656172
HCC-3L|P2|N36	HCC-3L	P2	13	1.9762803840924907	1.728223106175072	1.3261779790656172
HCC-3L|P2|N37	HCC-3L	P2	14	2.093679708505398	1.9249749066832764	1.3261779790656172
HCC-3L|P2|N40	HCC-3L	P2	14	2.193380400441181	1.971735937180323	1.3261779790656172
HCC-3L|P3|N2	HCC-3L	P3	19	1.7949745913179949	1.7090126583022227	1.5408712983798485
HCC-3L|P3|N3	HCC-3L	P3	22	2.177387263494917	2.0301417305366734	1.5408712983798485
HCC-3L|P3|N4	HCC-3L	P3	18	2.3335854643738188	2.0544257074270162	1.5408712983798485
HCC-3L|P3|N5	HCC-3L	P3	15	2.394590532849395	2.1189774658013403	1.5408712983798485
HCC-3L|P3|N6	HCC-3L	P3	52	2.160630030409027	1.9893261562827287	1.5408712983798485
HCC-3L|P3|N7	HCC-3L	P3	97	2.366247874055091	2.161410562215447	1.5408712983798485
HCC-3L|P3|N8	HCC-3L	P3	57	2.078738463153213	1.9126877634533148	1.5408712983798485
HCC-3L|P3|N21	HCC-3L	P3	18	2.4843828386444096	2.134112656423595	1.5408712983798485
HCC-3L|P3|N24	HCC-3L	P3	18	2.345504954543421	2.166829652290787	1.5408712983798485
HCC-3L|P3|N31	HCC-3L	P3	14	2.433861936418164	2.133809000190974	1.5408712983798485
HCC-3L|P3|N33	HCC-3L	P3	10	2.5066362467409338	2.17105690203238	1.5408712983798485
HCC-3L|P4|N2	HCC-3L	P4	17	1.0752714134284904	1.0105689363351305	0.28981255180102167
HCC-3L|P4|N3	HCC-3L	P4	13	0.9475489200053271	0.7541230117722967	0.28981255180102167
HCC-3L|P4|N4	HCC-3L	P4	73	1.1916200102447867	1.1388151491310121	0.28981255180102167
HCC-3L|P4|N5	HCC-3L	P4	53	1.1910370293190111	1.1348856811387908	0.28981255180102167
HCC-3L|P4|N8	HCC-3L	P4	14	1.113509878462536	1.0729619294705788	0.28981255180102167
HCC-3L|P4|N12	HCC-3L	P4	16	1.194897486221799	1.1511225828260714	0.28981255180102167
HCC-3L|P4|N17	HCC-3L	P4	10	0.7345408892990964	0.6856021011076595	0.28981255180102167
HCC-3L|P4|N18	HCC-3L	P4	27	1.0123787348149837	0.966611182239046	0.28981255180102167
HCC-3L|P4|N31	HCC-3L	P4	12	1.0654046347835948	1.065404237808674	0.28981255180102167
HCC-3L|P4|N35	HCC-3L	P4	19	1.4320848634158925	1.339270518650316	0.28981255180102167
HCC-3L|P4|N43	HCC-3L	P4	10	0.8529364370786855	0.5799811877270249	0.28981255180102167
HCC-3L|P4|N44	HCC-3L	P4	14	0.8906094206775537	0.8149832529019777	0.28981255180102167
HCC-3L|P5|N2	HCC-3L	P5	26	1.4180965852855356	1.2484795939683748	0.3604955811693946
HCC-3L|P5|N6	HCC-3L	P5	11	1.3905072559785971	1.0995881036021578	0.3604955811693946
HCC-3L|P5|N12	HCC-3L	P5	13	1.1338762892530356	1.0671373116822032	0.3604955811693946
HCC-3L|P5|N13	HCC-3L	P5	10	1.5322237654687085	1.3130544234816104	0.3604955811693946
HCC-3L|P5|N16	HCC-3L	P5	10	1.3456820367988427	1.1273633642710288	0.3604955811693946
HCC-3L|P5|N20	HCC-3L	P5	11	1.3879426648098254	1.2142315656519556	0.3604955811693946
HCC-3L|P5|N21	HCC-3L	P5	32	1.000717920394509	0.8722830554109454	0.3604955811693946
HCC-3L|P5|N25	HCC-3L	P5	16	1.3123074859014765	1.0554303300614005	0.3604955811693946
HCC-3L|P5|N27	HCC-3L	P5	10	0.7779161715215628	0.6306830677282917	0.3604955811693946
HCC-3L|P5|N28	HCC-3L	P5	12	1.4133971838655859	1.1345138919299191	0.3604955811693946
HCC-3L|P5|N29	HCC-3L	P5	14	1.1141996901166984	0.980387852813022	0.3604955811693946
HCC-3L|P5|N38	HCC-3L	P5	18	1.5352719556475027	1.360867154313676	0.3604955811693946
HCC-3L|P5|N44	HCC-3L	P5	10	1.206600721976324	1.118762231303906	0.3604955811693946
HCC-3L|P6|N1	HCC-3L	P6	18	1.1228121918397103	1.0079426080792093	0.2633985893818272
HCC-3L|P6|N3	HCC-3L	P6	11	0.9577601724170403	0.8883274224532922	0.2633985893818272
HCC-3L|P6|N6	HCC-3L	P6	15	0.7249819753279686	0.6337693205556005	0.2633985893818272
HCC-3L|P6|N7	HCC-3L	P6	11	0.798524019846277	0.7011335282882052	0.2633985893818272
HCC-3L|P6|N9	HCC-3L	P6	15	1.0741969072146693	0.9184836237156274	0.2633985893818272
HCC-3L|P6|N11	HCC-3L	P6	11	0.7022364061261812	0.6201026211103041	0.2633985893818272
HCC-3L|P6|N13	HCC-3L	P6	28	0.8394112956881606	0.7931603676425193	0.2633985893818272
HCC-3L|P6|N16	HCC-3L	P6	18	0.8375850210222399	0.747101662442103	0.2633985893818272
HCC-3L|P6|N17	HCC-3L	P6	13	1.1946494881794614	1.2084028543429284	0.2633985893818272
HCC-3L|P6|N21	HCC-3L	P6	10	0.7701562395277449	0.6701227856111895	0.2633985893818272
HCC-3L|P6|N23	HCC-3L	P6	20	0.8702264619358836	0.7621313778330319	0.2633985893818272
HCC-3L|P6|N27	HCC-3L	P6	12	0.8187216829913154	0.7153863417709148	0.2633985893818272
HCC-3L|P6|N28	HCC-3L	P6	11	0.965517517840673	0.8071056970745975	0.2633985893818272
HCC-3L|P6|N33	HCC-3L	P6	10	0.9479944604342837	0.9035844509550703	0.2633985893818272
HCC-3L|P6|N39	HCC-3L	P6	17	0.6841696056684473	0.6105995701150932	0.2633985893818272
HCC-3L|P6|N45	HCC-3L	P6	12	0.7740929016282235	0.7068932795446455	0.2633985893818272
HCC-4L|P1|N1	HCC-4L	P1	45	1.453728014740584	1.1649401410687932	0.4971660615613166
HCC-4L|P1|N9	HCC-4L	P1	28	1.579201690434033	1.306310597449168	0.4971660615613166
HCC-4L|P1|N10	HCC-4L	P1	14	1.3704846938716244	1.1113315451382897	0.4971660615613166
HCC-4L|P1|N11	HCC-4L	P1	18	1.5306568750510845	1.253393342933252	0.4971660615613166
HCC-4L|P1|N13	HCC-4L	P1	18	1.3493372773523438	1.0519872991814807	0.4971660615613166
HCC-4L|P1|N14	HCC-4L	P1	29	1.3704598448298055	1.1212055754156942	0.4971660615613166
HCC-4L|P1|N19	HCC-4L	P1	30	1.4113552516974794	1.0810888121017552	0.4971660615613166
HCC-4L|P1|N39	HCC-4L	P1	16	1.3973879237859599	1.2418531712500585	0.4971660615613166
HCC-4L|P2|N1	HCC-4L	P2	28	1.84931904968586	1.6540498470686127	1.307330070997922
HCC-4L|P2|N2	HCC-4L	P2	10	2.028952005978952	1.8820877289796143	1.307330070997922
HCC-4L|P2|N4	HCC-4L	P2	23	1.907147500664607	1.731810599026869	1.307330070997922
HCC-4L|P2|N5	HCC-4L	P2	21	1.758526680400117	1.5964884960765564	1.307330070997922
HCC-4L|P2|N10	HCC-4L	P2	10	1.7821698420690004	1.6354432046467182	1.307330070997922
HCC-4L|P2|N13	HCC-4L	P2	26	1.9216771389530882	1.7499135129401195	1.307330070997922
HCC-4L|P2|N15	HCC-4L	P2	17	2.0494945861185023	1.7534006475525805	1.307330070997922
HCC-4L|P2|N17	HCC-4L	P2	15	2.013608529155948	1.8252832810252986	1.307330070997922
HCC-4L|P2|N21	HCC-4L	P2	15	1.8814214416171333	1.6971001944919497	1.307330070997922
HCC-4L|P2|N35	HCC-4L	P2	14	2.1433941684797495	1.8279132440772623	1.307330070997922
HCC-4L|P3|N1	HCC-4L	P3	18	2.0940769923252818	1.9320876722810307	1.497980109466177
HCC-4L|P3|N2	HCC-4L	P3	10	2.338626043559833	2.181036129392905	1.497980109466177
HCC-4L|P3|N4	HCC-4L	P3	26	2.140121927532889	1.9573845230789468	1.497980109466177
HCC-4L|P3|N5	HCC-4L	P3	21	2.0541891904454417	1.8682497466742125	1.497980109466177
HCC-4L|P3|N13	HCC-4L	P3	10	2.0913591961630056	1.9219117884940171	1.497980109466177
HCC-4L|P3|N15	HCC-4L	P3	28	2.261405070306534	2.058975463259562	1.497980109466177
HCC-4L|P3|N16	HCC-4L	P3	10	2.581220395442629	2.1182095116808943	1.497980109466177
HCC-4L|P3|N17	HCC-4L	P3	17	2.3732522229584228	2.0427025402789205	1.497980109466177
HCC-4L|P3|N19	HCC-4L	P3	13	2.434230360529995	2.2128211101249304	1.497980109466177
HCC-4L|P3|N23	HCC-4L	P3	14	2.148457766303341	1.9338539053233628	1.497980109466177
HCC-4L|P3|N28	HCC-4L	P3	19	2.3892092330375827	2.1371719317871807	1.497980109466177
HCC-4L|P3|N35	HCC-4L	P3	15	2.4004854784943297	2.0867368232966745	1.497980109466177
HCC-4L|P4|N1	HCC-4L	P4	26	1.4391784719215726	1.1217185505396214	0.5307655597940139
HCC-4L|P4|N4	HCC-4L	P4	32	1.5269366289570403	1.3015894874223466	0.5307655597940139
HCC-4L|P4|N10	HCC-4L	P4	20	1.4946123643829614	1.263257458393402	0.5307655597940139
HCC-4L|P4|N12	HCC-4L	P4	13	1.6296909725586675	1.1890303859444378	0.5307655597940139
HCC-4L|P4|N18	HCC-4L	P4	15	1.497302862140187	1.0402969479722317	0.5307655597940139
HCC-4L|P4|N23	HCC-4L	P4	11	2.0076370409374102	1.4544944657665217	0.5307655597940139
HCC-4L|P4|N30	HCC-4L	P4	13	1.587271154701114	1.471567565032602	0.5307655597940139
HCC-4L|P4|N39	HCC-4L	P4	11	1.1748923249801606	1.068048967478365	0.5307655597940139
HCC-4L|P4|N41	HCC-4L	P4	15	1.2528544495868452	1.0677841647058677	0.5307655597940139
HCC-4L|P5|N3	HCC-4L	P5	18	0.22132164260344533	0.22132164260344536	6.861854817733931e-07
HCC-4L|P5|N4	HCC-4L	P5	20	1.2965523160359953e-05	1.2959038417405347e-05	6.861854817733931e-07
HCC-4L|P5|N5	HCC-4L	P5	10	0.00043588553582873295	0.0004463248075589418	6.861854817733931e-07
HCC-4L|P5|N6	HCC-4L	P5	13	0.0006175179412060155	0.0006498607025533851	6.861854817733931e-07
HCC-4L|P5|N7	HCC-4L	P5	62	1.5090328692556742e-05	1.5092711666545519e-05	6.861854817733931e-07
HCC-4L|P5|N9	HCC-4L	P5	52	1.8373122546749775e-05	1.846612946053934e-05	6.861854817733931e-07
HCC-4L|P5|N10	HCC-4L	P5	28	3.5278683093843444e-06	3.4120230236048322e-06	6.861854817733931e-07
HCC-4L|P5|N11	HCC-4L	P5	25	0.000343084050404441	0.0003430592535438954	6.861854817733931e-07
HCC-4L|P5|N12	HCC-4L	P5	18	0.22989976473731266	0.22989976473731272	6.861854817733931e-07
HCC-4L|P5|N14	HCC-4L	P5	18	1.0859950674648504e-05	1.0859950674648506e-05	6.861854817733931e-07
HCC-4L|P5|N19	HCC-4L	P5	15	0.6713592909023909	0.6713592909023908	6.861854817733931e-07
HCC-4L|P5|N21	HCC-4L	P5	20	0.2901822660069369	0.290182266006937	6.861854817733931e-07
HCC-4L|P5|N22	HCC-4L	P5	19	0.19336964041801868	0.1933696404180187	6.861854817733931e-07
HCC-4L|P5|N23	HCC-4L	P5	16	0.23494962917269988	0.2349496291726999	6.861854817733931e-07
HCC-4L|P5|N26	HCC-4L	P5	10	0.00044919407248705394	0.00044919407248705383	6.861854817733931e-07
HCC-4L|P6|N5	HCC-4L	P6	11	9.417970990554982e-08	8.73171031956367e-08	0.0
HCC-4L|P6|N7	HCC-4L	P6	10	1.6898843078935241e-07	1.6898843078935241e-07	0.0
HCC-4L|P6|N9	HCC-4L	P6	10	3.1085921868055433e-07	3.1085921868055433e-07	0.0
HCC-4L|P6|N11	HCC-4L	P6	10	2.0315833594203338e-07	2.0315833594203333e-07	0.0
cHC-1L|P1|N5	cHC-1L	P1	23	1.8672107821351158	1.4697621574220314	0.633656021719163
cHC-1L|P1|N12	cHC-1L	P1	11	1.786689867771141	1.3983527954321096	0.633656021719163
cHC-1L|P1|N14	cHC-1L	P1	13	2.339400654321501	1.953033251835329	0.633656021719163
cHC-1L|P1|N21	cHC-1L	P1	12	2.159135329236194	1.7921581628371814	0.633656021719163
cHC-1L|P1|N22	cHC-1L	P1	12	1.726923040230811	1.4302428088621528	0.633656021719163
cHC-1L|P1|N26	cHC-1L	P1	10	2.2745935905420676	1.6574478894817664	0.633656021719163
cHC-1L|P1|N27	cHC-1L	P1	15	1.8743047865436395	1.5781301261097682	0.633656021719163
cHC-1L|P1|N33	cHC-1L	P1	11	1.921864727086504	1.4096161506951483	0.633656021719163
cHC-1L|P1|N36	cHC-1L	P1	13	1.6807293221595812	1.3672973379466056	0.633656021719163
cHC-1L|P1|N49	cHC-1L	P1	10	2.1835040411769038	1.6927777630270797	0.633656021719163
cHC-1L|P2|N3	cHC-1L	P2	13	1.675465160001828	1.3739029261650235	1.0858706690670747
cHC-1L|P2|N6	cHC-1L	P2	17	1.9153909933720068	1.4165476246006246	1.0858706690670747
cHC-1L|P2|N10	cHC-1L	P2	11	1.6307989425059404	1.3145110078308626	1.0858706690670747
cHC-1L|P2|N11	cHC-1L	P2	17	1.503532375726501	1.2097349916877995	1.0858706690670747
cHC-1L|P2|N12	cHC-1L	P2	25	1.8750674364294013	1.546363482598784	1.0858706690670747
cHC-1L|P2|N19	cHC-1L	P2	31	1.5909820246862831	1.4112017101955752	1.0858706690670747
cHC-1L|P2|N25	cHC-1L	P2	13	1.9450970833235148	1.4711322949714385	1.0858706690670747
cHC-1L|P2|N37	cHC-1L	P2	18	1.9972889679761232	1.5365627714744385	1.0858706690670747
cHC-1L|P2|N49	cHC-1L	P2	14	1.7853368018866298	1.4095747842700088	1.0858706690670747
cHC-1L|P2|N58	cHC-1L	P2	10	1.8090935273618012	1.2853697683373	1.0858706690670747
cHC-1L|P2|N78	cHC-1L	P2	11	2.0753146306776897	1.575546983894589	1.0858706690670747
cHC-1L|P3|N3	cHC-1L	P3	13	2.0326722680012503	1.6745058603119791	1.2790351251562095
cHC-1L|P3|N10	cHC-1L	P3	12	1.9289409839664657	1.5845276831371091	1.2790351251562095
cHC-1L|P3|N11	cHC-1L	P3	25	2.0229519701614773	1.614408999222385	1.2790351251562095
cHC-1L|P3|N15	cHC-1L	P3	13	2.0956544531151278	1.697245822768412	1.2790351251562095
cHC-1L|P3|N16	cHC-1L	P3	30	1.7840488808750274	1.5697540606395393	1.2790351251562095
cHC-1L|P3|N29	cHC-1L	P3	11	2.083480544419868	1.6152417642885675	1.2790351251562095
cHC-1L|P3|N63	cHC-1L	P3	14	1.8730416116999185	1.493698778994398	1.2790351251562095
cHC-1L|P4|N6	cHC-1L	P4	10	2.209349212194753	1.7874840991201069	0.6045993095033226
cHC-1L|P4|N9	cHC-1L	P4	19	1.6642357819342584	1.306246113739689	0.6045993095033226
cHC-1L|P4|N11	cHC-1L	P4	11	1.45767683969411	1.1489054772288165	0.6045993095033226
cHC-1L|P4|N12	cHC-1L	P4	17	1.9470150389631287	1.6265730015237991	0.6045993095033226
cHC-1L|P4|N18	cHC-1L	P4	16	2.200050083378291	1.9550229544487208	0.6045993095033226
cHC-1L|P4|N23	cHC-1L	P4	32	1.808513496784583	1.514092213834335	0.6045993095033226
cHC-1L|P4|N25	cHC-1L	P4	15	1.721268248356986	1.3891335852380275	0.6045993095033226
cHC-1L|P4|N32	cHC-1L	P4	13	2.043494265803247	1.5844736611152683	0.6045993095033226
cHC-1L|P4|N36	cHC-1L	P4	12	2.310680007824519	1.7244857737620238	0.6045993095033226
cHC-1L|P4|N52	cHC-1L	P4	10	1.8072327423681707	1.361419171783864	0.6045993095033226
cHC-1L|P5|N2	cHC-1L	P5	15	2.405662761771452	1.9187982245979889	1.4187977111551295
cHC-1L|P5|N4	cHC-1L	P5	14	2.1712124209850723	1.699652465854659	1.4187977111551295
cHC-1L|P5|N10	cHC-1L	P5	16	2.4115307376860144	1.923164656314182	1.4187977111551295
cHC-1L|P5|N11	cHC-1L	P5	15	2.209748062724659	1.7479635568373917	1.4187977111551295
cHC-1L|P5|N12	cHC-1L	P5	11	2.2191776061690405	1.635475868887093	1.4187977111551295
cHC-1L|P5|N17	cHC-1L	P5	23	2.4705456153977914	1.9001510374024095	1.4187977111551295
cHC-1L|P5|N23	cHC-1L	P5	20	2.467828203544218	2.0532974355947546	1.4187977111551295
cHC-1L|P5|N24	cHC-1L	P5	19	2.2378499779604333	1.83416721191188	1.4187977111551295
cHC-1L|P5|N27	cHC-1L	P5	13	2.4144295187362146	1.8238567392949272	1.4187977111551295
cHC-1L|P5|N39	cHC-1L	P5	12	2.124487516410669	1.746044424540032	1.4187977111551295
cHC-1L|P6|N1	cHC-1L	P6	14	2.0601523849221333	1.5209668554324485	1.09596111598655
cHC-1L|P6|N24	cHC-1L	P6	17	2.369496090600303	1.6096404498195969	1.09596111598655
cHC-1L|P6|N42	cHC-1L	P6	18	2.3223642020455437	1.78401097982259	1.09596111598655
cHC-1L|P6|N49	cHC-1L	P6	10	1.9978278991953136	1.5901541767334055	1.09596111598655
ICC-1L|P1|N3	ICC-1L	P1	10	1.9191052601583323	1.336079985191128	0.7110233823779142
ICC-1L|P1|N9	ICC-1L	P1	10	1.8971694783605595	1.2834286116245044	0.7110233823779142
ICC-1L|P1|N24	ICC-1L	P1	11	1.6807281769910327	1.2688803523579797	0.7110233823779142
ICC-1L|P1|N27	ICC-1L	P1	11	1.9244743259672787	1.4733139786706033	0.7110233823779142
ICC-1L|P1|N31	ICC-1L	P1	19	1.918220466460493	1.3767103206781917	0.7110233823779142
ICC-1L|P2|N1	ICC-1L	P2	65	1.7733345556414388	1.5400932907199412	1.2467043407496252
ICC-1L|P2|N2	ICC-1L	P2	53	1.773707556577631	1.5246117254845293	1.2467043407496252
ICC-1L|P2|N11	ICC-1L	P2	16	1.794632466848626	1.4970835198835155	1.2467043407496252
ICC-1L|P2|N14	ICC-1L	P2	16	1.9862789504517577	1.4944000694921251	1.2467043407496252
ICC-1L|P2|N24	ICC-1L	P2	10	1.7664846483319185	1.4777967346634857	1.2467043407496252
ICC-1L|P2|N34	ICC-1L	P2	10	1.8432908905546104	1.5794307224601694	1.2467043407496252
ICC-1L|P2|N51	ICC-1L	P2	12	1.743546299937716	1.5042880599200779	1.2467043407496252
ICC-1L|P3|N1	ICC-1L	P3	111	2.0090912432137396	1.7367316329653602	1.4038122709865186
ICC-1L|P3|N3	ICC-1L	P3	74	2.0798826703299467	1.7396317870887954	1.4038122709865186
ICC-1L|P3|N14	ICC-1L	P3	17	2.0064219085331167	1.7419214821497557	1.4038122709865186
ICC-1L|P3|N45	ICC-1L	P3	12	1.9848380073101346	1.7536035641467522	1.4038122709865186
ICC-1L|P3|N47	ICC-1L	P3	12	2.101274279682331	1.710930374832422	1.4038122709865186
ICC-1L|P4|N12	ICC-1L	P4	16	1.8860596071647142	1.5110628767123793	0.6287436923440338
ICC-1L|P4|N14	ICC-1L	P4	17	1.9901240293142257	1.731904701341391	0.6287436923440338
ICC-1L|P4|N16	ICC-1L	P4	11	1.8639517862724007	1.3639921885194182	0.6287436923440338
ICC-1L|P4|N21	ICC-1L	P4	16	1.8805210737116154	1.5978069956193974	0.6287436923440338
ICC-1L|P4|N25	ICC-1L	P4	11	1.6625334066050428	1.2665657112838005	0.6287436923440338
ICC-1L|P4|N33	ICC-1L	P4	21	1.792751774956842	1.4200698146586912	0.6287436923440338
ICC-1L|P4|N38	ICC-1L	P4	11	2.415895243462317	2.051270922920104	0.6287436923440338
ICC-1L|P5|N5	ICC-1L	P5	20	2.196684709332229	1.7336549986403391	0.8318285534081373
ICC-1L|P5|N7	ICC-1L	P5	14	1.8119088813002378	1.3647854556217793	0.8318285534081373
ICC-1L|P5|N10	ICC-1L	P5	23	1.8665007079960365	1.6546837018393215	0.8318285534081373
ICC-1L|P5|N13	ICC-1L	P5	12	2.010812478126279	1.5369279157748208	0.8318285534081373
ICC-1L|P5|N19	ICC-1L	P5	13	2.046779549279812	1.7058329370589032	0.8318285534081373
ICC-1L|P5|N35	ICC-1L	P5	31	1.8571422846352421	1.6322497331146986	0.8318285534081373
ICC-1L|P5|N38	ICC-1L	P5	10	2.0166509014794016	1.654999140105538	0.8318285534081373
ICC-1L|P5|N55	ICC-1L	P5	14	1.9644062612799134	1.5211003130679543	0.8318285534081373
ICC-1L|P6|N1	ICC-1L	P6	11	1.7642193704147053	1.4191843867143494	0.7772921333105492
ICC-1L|P6|N3	ICC-1L	P6	18	1.9062076385677662	1.3863071038830486	0.7772921333105492
ICC-1L|P6|N7	ICC-1L	P6	27	2.0118869957996073	1.4417139603324416	0.7772921333105492
ICC-1L|P6|N15	ICC-1L	P6	20	1.920361479650262	1.5108122893548293	0.7772921333105492
ICC-1L|P6|N45	ICC-1L	P6	16	1.998118879698299	1.575453484795415	0.7772921333105492
ICC-1L|P6|N59	ICC-1L	P6	15	2.077035439103661	1.64071582004915	0.7772921333105492
ICC-1L|P6|N77	ICC-1L	P6	12	1.6415907831428254	1.100429798405197	0.7772921333105492
