method,seed,n_niches,median_niche_size,min_niche_size,fraction_cells_niches_lt20,graph_connected_components,mean_degree,degree_min,degree_q25,degree_median,degree_q75,degree_q95,degree_max,spatial_agreement,heldout_MSE,heldout_MAE,heldout_Huber,heldout_entries,H_fraction_below_1pct_row_max,largest_niche_fraction
Composition-only,40700,133,444.0,20,0.0,52,18.61283059890432,15.0,17.0,18.0,20.0,24.0,53.0,0.4067175556705348,,,,,,0.09333724306618414
CCC-flat,40700,2245,57.0,12,4.1481311953769794e-05,2204,22.94000657979431,9.0,17.0,21.0,25.0,38.0,76.0,0.3708824865506341,0.0079209409333934,0.0215016568160368,0.0036005374249686,25241.0,,0.10604768920484617
CCC-autoencoder-no-prior,40700,2386,58.0,17,0.0006193588991718,2216,21.011463145999915,9.0,16.0,19.0,22.0,34.0,76.0,0.2404655377107544,0.0081368271367896,0.0166715565272241,0.0035581265192027,25241.0,0.6551113360323887,0.052755646464790945
CCC-tensor,40700,2390,58.0,17,0.0005936118779591,2216,21.0114373989787,9.0,16.0,19.0,22.0,34.0,76.0,0.24460483994675,0.0081368271367896,0.0166715565272241,0.0035581265192027,25241.0,0.6551113360323887,0.05570797156384546
Proposed,40700,691,154.0,50,0.0,1,39.5320679149204,25.0,35.0,37.0,41.0,55.0,104.0,0.4211554690964226,0.0081368271367896,0.0166715565272241,0.0035581265192027,25241.0,0.6551113360323887,0.12580709759551428
Composition-only,40701,150,613.0,19,2.717741128005607e-05,70,18.652938736393413,15.0,17.0,18.0,20.0,24.0,45.0,0.3451655528531596,,,,,,0.04813691693724879
CCC-flat,40701,2246,57.0,12,8.439301397491095e-05,2204,22.94000657979431,9.0,17.0,21.0,25.0,38.0,76.0,0.3783882364720859,0.0079209409333934,0.0215016568160368,0.0036005374249686,25241.0,,0.1354307619687889
CCC-autoencoder-no-prior,40701,2441,58.0,17,0.0007209165939551,2207,21.009394801962497,10.0,16.0,19.0,22.0,34.0,78.0,0.2630830134274168,0.0079558266164352,0.0165081807269314,0.0035779292137281,25241.0,0.8632338056680162,0.0756318748122613
CCC-tensor,40701,2441,58.0,17,0.0007209165939551,2207,21.009394801962497,10.0,16.0,19.0,22.0,34.0,78.0,0.2630830134274168,0.0079558266164352,0.0165081807269314,0.0035779292137281,25241.0,0.8632338056680162,0.0756318748122613
Proposed,40701,883,141.0,53,0.0,1,39.58532133712863,22.0,35.0,37.0,41.0,54.0,105.0,0.4186042451017772,0.0079558266164352,0.0165081807269314,0.0035779292137281,25241.0,0.8632338056680162,0.12272603739039636
Composition-only,40702,182,38.0,17,0.0001559125173434,94,18.83412052466708,15.0,17.0,18.0,20.0,24.0,47.0,0.4001966046485704,,,,,,0.07825234941568565
CCC-flat,40702,2245,57.0,12,4.1481311953769794e-05,2204,22.94000657979431,9.0,17.0,21.0,25.0,38.0,76.0,0.3689971831180432,0.0079209409333934,0.0215016568160368,0.0036005374249686,25241.0,,0.11567850552845761
CCC-autoencoder-no-prior,40702,2412,58.0,17,0.0006536882607887,2181,20.91564417616684,10.0,16.0,19.0,21.0,34.0,78.0,0.2456577056839262,0.0079474432424356,0.016466052465361,0.0035080650008682,25241.0,0.7109058704453441,0.05493985209766703
CCC-tensor,40702,2412,58.0,17,0.0006536882607887,2181,20.91564417616684,10.0,16.0,19.0,21.0,34.0,78.0,0.2456577056839262,0.0079474432424356,0.016466052465361,0.0035080650008682,25241.0,0.7109058704453441,0.05493985209766703
Proposed,40702,614,153.0,52,0.0,1,39.65435482256012,23.0,35.0,38.0,41.0,55.0,110.0,0.4174602783144481,0.0079474432424356,0.016466052465361,0.0035080650008682,25241.0,0.7109058704453441,0.12543805695813248
Composition-only,40703,122,479.5,18,2.574702121268469e-05,46,18.709213142423938,15.0,17.0,18.0,20.0,24.0,48.0,0.4010153303288565,,,,,,0.06356224342378167
CCC-flat,40703,2247,57.0,12,4.1481311953769794e-05,2204,22.94000657979431,9.0,17.0,21.0,25.0,38.0,76.0,0.3711317690127201,0.0079209409333934,0.0215016568160368,0.0036005374249686,25241.0,,0.0999198981562272
CCC-autoencoder-no-prior,40703,2635,55.0,17,0.0011199954227517,2352,20.988316573929712,11.0,16.0,19.0,22.0,34.0,77.0,0.2642230343111118,0.0088394671794283,0.016872411170459,0.0038334635210097,25241.0,0.8546305668016194,0.07977857561757092
CCC-tensor,40703,2635,55.0,17,0.0011199954227517,2352,20.988316573929712,11.0,16.0,19.0,22.0,34.0,77.0,0.2642230343111118,0.0088394671794283,0.016872411170459,0.0038334635210097,25241.0,0.8546305668016194,0.07977857561757092
Proposed,40703,844,154.0,54,0.0,1,39.60294946431892,23.0,35.0,38.0,41.0,54.0,103.0,0.4132830954035648,0.0088394671794283,0.016872411170459,0.0038334635210097,25241.0,0.8546305668016194,0.12108681037318877
Composition-only,40704,193,38.0,17,0.0001301654961307,119,18.922149590193246,15.0,17.0,18.0,21.0,24.0,51.0,0.3534260554922293,,,,,,0.0936791062922859
CCC-flat,40704,2247,57.0,10,7.294989343593999e-05,2204,22.94000657979431,9.0,17.0,21.0,25.0,38.0,76.0,0.3651137234089253,0.0079209409333934,0.0215016568160368,0.0036005374249686,25241.0,,0.0708801190084536
CCC-autoencoder-no-prior,40704,2407,58.0,17,0.000728068544292,2201,21.08107450901861,8.0,16.0,19.0,22.0,34.0,76.0,0.2492458145060296,0.0080552742497178,0.0163863189879663,0.0035571074360385,25241.0,0.7683451417004049,0.056157114045000074
CCC-tensor,40704,2407,58.0,17,0.000728068544292,2201,21.08107450901861,8.0,16.0,19.0,22.0,34.0,76.0,0.2492458145060296,0.0080552742497178,0.0163863189879663,0.0035571074360385,25241.0,0.7683451417004049,0.056157114045000074
Proposed,40704,618,154.0,53,0.0,1,39.93489150491339,22.0,35.0,38.0,41.0,55.0,108.0,0.4177395989679489,0.0080552742497178,0.0163863189879663,0.0035571074360385,25241.0,0.7683451417004049,0.1227188854400595
