model,Z_entropy,effective_active_programs,mean_per_cell_effective_programs,singular_max,singular_min,near_constant_fraction,Z_variance_1,Z_variance_2,Z_variance_3,Z_variance_4,Z_variance_5,Z_variance_6,Z_variance_7,Z_variance_8,Z_variance_9,Z_variance_10,Z_variance_11,Z_variance_12,Z_variance_13,Z_variance_14,Z_variance_15,Z_variance_16,H_row_sum_max_error,Z_row_sum_max_error,H_other_program_cosine_median,H_other_program_cosine_max,centered_Z_first_component_variance_fraction,centered_Z_effective_rank,maximum_latent_column_std,H_fraction_below_1pct_row_max
seed_40700_no_prior,0.6919213421764232,8.852486877297304,2.34168492215361,34.97993533293965,3.67311339354142,0.0,0.012807404724006306,0.005534654939786022,0.020035158449612466,0.030489499035960547,0.01228922876607076,0.011911353234227906,0.019384194058663665,0.0038756419845853113,0.01791141915735481,0.08995389465027682,0.14925771013348696,0.010529714904546591,0.02861068792430444,0.020376459966597246,0.012207889941196736,0.013032669932237229,2.384185791015625e-07,2.398573508699542e-07,0.018565908074378967,0.36987417936325073,0.3693437460571524,13.180264557462536,0.3804604636073112,0.6551113360323887
seed_40700_tensor,0.6919213421764232,8.852486877297304,2.34168492215361,34.97993533293965,3.67311339354142,0.0,0.012807404724006306,0.005534654939786022,0.020035158449612466,0.030489499035960547,0.01228922876607076,0.011911353234227906,0.019384194058663665,0.0038756419845853113,0.01791141915735481,0.08995389465027682,0.14925771013348696,0.010529714904546591,0.02861068792430444,0.020376459966597246,0.012207889941196736,0.013032669932237229,2.384185791015625e-07,2.398573508699542e-07,0.018565908074378967,0.36987417936325073,0.36934374605758913,13.180264557436606,0.3804604636073316,0.6551113360323887
seed_40701_no_prior,0.917991082671372,7.020561942331963,2.8473585990785897,35.97625764496484,2.9600412698802345,0.0,0.005855783074175316,0.011668186292045806,0.010530832583202449,0.005778277258799652,0.009157716957171044,0.003238300722153169,0.0887500401419553,0.0027815846912088147,0.009418883453721758,0.007930925051448622,0.009634495913256205,0.007625086879678937,0.01578858812016004,0.017238190951029287,0.00887842724426417,0.07328008824975836,1.7881393432617188e-07,2.4202514437021705e-07,0.0009144783252850175,0.22958442568778992,0.4224943987234652,13.017957060910252,0.2984126791084492,0.8632338056680162
seed_40701_tensor,0.917991082671372,7.020561942331963,2.8473585990785897,35.97625764496484,2.9600412698802345,0.0,0.005855783074175316,0.011668186292045806,0.010530832583202449,0.005778277258799652,0.009157716957171044,0.003238300722153169,0.0887500401419553,0.0027815846912088147,0.009418883453721758,0.007930925051448622,0.009634495913256205,0.007625086879678937,0.01578858812016004,0.017238190951029287,0.00887842724426417,0.07328008824975836,1.7881393432617188e-07,2.4202514437021705e-07,0.0009144783252850175,0.22958442568778992,0.4224943987240945,13.017957060888076,0.2984126791082484,0.8632338056680162
seed_40702_no_prior,0.7343083280875093,9.834901382244876,2.4470920619024112,31.83518132362872,3.8317292394091242,0.0,0.00416862552615852,0.011541239669362973,0.014814584368558339,0.008088045908016437,0.015590744286998049,0.015172709288144773,0.08381946434274279,0.01863884837333814,0.013828447747997522,0.01967041172438484,0.012009625173632004,0.04849366784651377,0.04584105982638997,0.14174459858506844,0.013751714698775981,0.011713737711593035,1.1920928955078125e-07,2.50772896004392e-07,0.021270884200930595,0.3835935592651367,0.31998437790842976,13.33289100001372,0.3668907854165251,0.7109058704453441
seed_40702_tensor,0.7343083280875093,9.834901382244876,2.4470920619024112,31.83518132362872,3.8317292394091242,0.0,0.00416862552615852,0.011541239669362973,0.014814584368558339,0.008088045908016437,0.015590744286998049,0.015172709288144773,0.08381946434274279,0.01863884837333814,0.013828447747997522,0.01967041172438484,0.012009625173632004,0.04849366784651377,0.04584105982638997,0.14174459858506844,0.013751714698775981,0.011713737711593035,1.1920928955078125e-07,2.50772896004392e-07,0.021270884200930595,0.3835935592651367,0.31998437790736156,13.33289100003969,0.3668907854165814,0.7109058704453441
seed_40703_no_prior,0.8697365454702272,7.245183653585118,2.678521883209801,36.514376962715836,3.1480860019652472,0.0,0.009689617342427393,0.007566761939521374,0.01317951600887968,0.012022532991187171,0.016276588086214277,0.07799435315261277,0.009467521656981984,0.008009857002373572,0.007902390148975858,0.0037239953790762846,0.010477368496175572,0.008603493948220393,0.0031507872204737586,0.10024846952580725,0.013069773853136554,0.01757276805798599,1.1920928955078125e-07,2.4147873745050674e-07,0.001502293162047863,0.2436537891626358,0.43323931447413166,13.000717047784558,0.31793305742803996,0.8546305668016194
seed_40703_tensor,0.8697365454702272,7.245183653585118,2.678521883209801,36.514376962715836,3.1480860019652472,0.0,0.009689617342427393,0.007566761939521374,0.01317951600887968,0.012022532991187171,0.016276588086214277,0.07799435315261277,0.009467521656981984,0.008009857002373572,0.007902390148975858,0.0037239953790762846,0.010477368496175572,0.008603493948220393,0.0031507872204737586,0.10024846952580725,0.013069773853136554,0.01757276805798599,1.1920928955078125e-07,2.4147873745050674e-07,0.001502293162047863,0.2436537891626358,0.4332393144751353,13.000717047713001,0.3179330574282019,0.8546305668016194
seed_40704_no_prior,0.703589669569082,8.88786930544909,2.33796305596878,34.713689053374985,3.7603969031570466,0.0,0.004055230067072793,0.029350955117102177,0.009971668380879008,0.011111103099632098,0.013023749053620425,0.08611447453783247,0.012353426688537311,0.04483430850661711,0.011654798036197107,0.016681790373296593,0.021771253397161707,0.013845205012944648,0.014508312552791554,0.1470023611856783,0.006203979993676513,0.013548523135734465,2.384185791015625e-07,2.462238808398354e-07,0.0185000691562891,0.37610337138175964,0.3681541018463372,13.180173013085344,0.378625866163191,0.7683451417004049
seed_40704_tensor,0.703589669569082,8.88786930544909,2.33796305596878,34.713689053374985,3.7603969031570466,0.0,0.004055230067072793,0.029350955117102177,0.009971668380879008,0.011111103099632098,0.013023749053620425,0.08611447453783247,0.012353426688537311,0.04483430850661711,0.011654798036197107,0.016681790373296593,0.021771253397161707,0.013845205012944648,0.014508312552791554,0.1470023611856783,0.006203979993676513,0.013548523135734465,2.384185791015625e-07,2.462238808398354e-07,0.0185000691562891,0.37610337138175964,0.36815410184677677,13.180173013089096,0.3786258661632013,0.7683451417004049
