program,entropy,effective_features,fraction_below_1pct_max,weight_sum,top_sender,top_sender_weight,top_receiver,top_receiver_weight,top_pair,top_pair_weight,top_LR,top_LR_weight
1,2.7831313610076904,16.169574737548828,0.9919028340080972,1.000000238418579,Macrophage,0.7282474040985107,T cell,0.4998306632041931,"('Macrophage', 'T cell')",0.46209123730659485,"('PKM', 'CD44')",0.7195367813110352
2,4.977890491485596,145.16781616210938,0.52834008097166,0.9999999403953552,Pericyte,0.5263133645057678,Epithelial,0.6743740439414978,"('Pericyte', 'Epithelial')",0.44888022541999817,"('COL4A1', 'CD44')",0.1013161689043045
3,5.1665520668029785,175.30934143066406,0.10121457489878542,0.9999998807907104,Fibroblast,0.3519546687602997,Endothelial,0.5169380903244019,"('Fibroblast', 'Endothelial')",0.269560843706131,"('COL4A1', 'CD93')",0.11916320025920868
4,2.1270201206207275,8.3898286819458,0.9939271255060729,1.0000001192092896,Fibroblast,0.8530386686325073,Macrophage,0.8592936992645264,"('Fibroblast', 'Macrophage')",0.827176570892334,"('SERPINE1', 'PLAUR')",0.4186992347240448
5,5.113345623016357,166.22555541992188,0.03441295546558704,1.0,Endothelial,0.4186582863330841,Epithelial,0.5546498894691467,"('Endothelial', 'Epithelial')",0.3689716160297394,"('COL4A1', 'CD44')",0.07266715914011002
6,3.5562803745269775,35.03264617919922,0.9898785425101214,1.0,Endothelial,0.6993504762649536,T cell,0.655779242515564,"('Endothelial', 'T cell')",0.6370827555656433,"('COL4A1', 'CD44')",0.31757089495658875
7,3.990800619125366,54.098182678222656,0.9089068825910931,1.0,Fibroblast,0.6977936625480652,Epithelial,0.84660404920578,"('Fibroblast', 'Epithelial')",0.6685130596160889,"('TIMP3', 'DDR1')",0.2259063422679901
8,5.377852439880371,216.55670166015625,0.02631578947368421,1.0,Myoepithelial,0.490531861782074,Myoepithelial,0.5939307808876038,"('Myoepithelial', 'Myoepithelial')",0.3432650864124298,"('THBS1', 'ITGA3')",0.10358190536499023
9,3.4147074222564697,30.408050537109375,0.9777327935222672,1.0,Endothelial,0.7276116013526917,Endothelial,0.7574076056480408,"('Endothelial', 'Endothelial')",0.6826348900794983,"('APP', 'FLT1')",0.3046417236328125
10,3.858586072921753,47.398284912109375,0.9291497975708503,1.0,Epithelial,0.8836488127708435,Epithelial,0.9052097201347351,"('Epithelial', 'Epithelial')",0.8634804487228394,"('TIMP3', 'DDR1')",0.17544610798358917
11,6.1917829513549805,488.7166442871094,0.0,1.0,Myoepithelial,0.23425522446632385,Epithelial,0.3272101581096649,"('Myoepithelial', 'Epithelial')",0.07933411002159119,"('TIMP3', 'CD44')",0.0500488318502903
12,4.3193230628967285,75.13774871826172,0.9858299595141701,1.0,Fibroblast,0.5930911898612976,Mast cell,0.4433281719684601,"('Fibroblast', 'Mast cell')",0.4154821038246155,"('TIMP3', 'CD44')",0.33948594331741333
13,3.275818347930908,26.464874267578125,0.9777327935222672,1.0000001192092896,Fibroblast,0.6956592798233032,Macrophage,0.672518253326416,"('Fibroblast', 'Macrophage')",0.6418569684028625,"('TIMP3', 'CD44')",0.3879733085632324
14,1.554122805595398,4.730935096740723,0.9919028340080972,1.0000001192092896,Fibroblast,0.8883438110351562,T cell,0.8666504621505737,"('Fibroblast', 'T cell')",0.8601713180541992,"('TIMP3', 'CD44')",0.8059417009353638
15,3.112861156463623,22.48528480529785,0.9878542510121457,1.0,Fibroblast,0.7677037119865417,Endothelial,0.7591220736503601,"('Fibroblast', 'Endothelial')",0.7219753265380859,"('TIMP3', 'KDR')",0.36660298705101013
16,5.184937477111816,178.56227111816406,0.05668016194331984,0.9999999403953552,Myoepithelial,0.4532175660133362,Epithelial,0.5615226626396179,"('Myoepithelial', 'Epithelial')",0.32594040036201477,"('TIMP3', 'CD44')",0.10976734012365341
